fecha,meteo,tipo_accidente,lesividad,distrito,direccion
2019-01-01 14:00:00,Despejado,Colision,Moderada,SALAMANCA,CALL. CASTELLO / CALL. DON RAMON DE LA CRUZ
2019-01-02 21:00:00,Despejado,Colision,Grave,HORTALEZA,AVDA. GRAN VIA DE HORTALEZA / GTA. LUIS ROSALES
2019-01-03 14:00:00,Despejado,Colision,Leve,VILLA DE VALLECAS,CALL. FELIPE ALVAREZ 10
2019-01-03 13:00:00,Despejado,Colision,Leve,VILLA DE VALLECAS,AVDA. SANTA EUGENIA / CALL. REAL DE ARGANDA
2019-01-03 13:00:00,Despejado,Colision,Leve,VILLA DE VALLECAS,AVDA. SANTA EUGENIA / CALL. REAL DE ARGANDA
2019-01-03 10:00:00,Despejado,Caida,Moderada,MONCLOA-ARAVACA,CTRA. DEHESA DE LA VILLA 1
2019-01-04 17:00:00,Despejado,Colision,Leve,CHAMARTÍN,CALL. PRADILLO 26
2019-01-04 14:00:00,Despejado,Colision,Leve,MORATALAZ,CALL. CAÑON DEL RIO LOBOS 7A
2019-01-07 14:00:00,Despejado,Colision,Leve,FUENCARRAL-EL PARDO,CALL. NUESTRA SEÑORA DE VALVERDE / CALL. DOCTOR JUAN BRAVO
2019-01-08 21:00:00,Despejado,Imprudencia,Leve,ARGANZUELA,CALL. PUERTO DE LA CRUZ VERDE 49
2019-01-08 21:00:00,Despejado,Imprudencia,Leve,ARGANZUELA,CALL. PUERTO DE LA CRUZ VERDE 49
2019-01-08 13:00:00,Despejado,Caida,Moderada,FUENCARRAL-EL PARDO,C/ MONASTERIO DE ARLANZA-AV. SANTUARIO DE VALVERDE
2019-01-09 15:00:00,Despejado,Colision,Leve,CARABANCHEL,CALL. ANTONIO DE LEYVA 84
2019-01-09 13:00:00,Despejado,Colision,Leve,CENTRO,CALL. GRAN VIA 66
2019-01-10 20:00:00,Despejado,Caida,Moderada,ARGANZUELA,PASEO. JUAN ANTONIO VALLEJO-NAJERA BOTAS / CALL. GASOMETRO
2019-01-11 16:00:00,Despejado,Colision,Leve,CENTRO,CALL. GRAN VIA / CALL. SAN BERNARDO
2019-01-12 23:00:00,Despejado,Imprudencia,Leve,LATINA,POLIG. ALUCHE-AVENIDA DE LOS POBLADOS / CALL. SECOYA
2019-01-12 22:00:00,Despejado,Colision,Leve,CARABANCHEL,CALL. GENERAL RICARDOS / GTA. VALLE DE ORO
2019-01-12 22:00:00,Despejado,Imprudencia,Moderada,CARABANCHEL,AVDA. POBLADOS / CALL. SECOYA
2019-01-12 13:00:00,Despejado,Colision,Leve,VILLA DE VALLECAS,AVDA. ENSANCHE DE VALLECAS 44
2019-01-12 13:00:00,Despejado,Colision,Leve,LATINA,CALL. SANCHIDRIAN 13A
2019-01-14 23:00:00,Despejado,Colision,Leve,CHAMBERÍ,CALL. MIGUEL ANGEL / PASEO. GENERAL MARTINEZ CAMPOS
2019-01-14 20:00:00,Despejado,Caida,Moderada,FUENCARRAL-EL PARDO,PASEO. EL PARDO 37
2019-01-14 16:00:00,Despejado,Colision,Leve,CIUDAD LINEAL,CALL. SANTA GENOVEVA / PLAZA. AGUSTIN GONZALEZ
2019-01-14 11:00:00,Despejado,Caida,Leve,CENTRO,CALL. FLORA 1
2019-01-16 15:00:00,Despejado,Caida,Leve,CHAMBERÍ,PLAZA. CONDE DEL VALLE DE SUCHIL 3
2019-01-16 09:00:00,Despejado,Colision,Leve,CIUDAD LINEAL,AVDA. DAROCA / CALL. NICOLAS SALMERON
2019-01-17 20:00:00,Despejado,Colision,Leve,CENTRO,CALL. ARENAL / CALL. DONADOS
2019-01-17 16:00:00,Despejado,Colision,Leve,CHAMARTÍN,CALL. SERRANO 141
2019-01-17 06:00:00,Despejado,Imprudencia,Moderada,RETIRO,CALL. DOCE DE OCTUBRE 26
2019-01-18 18:00:00,Despejado,Colision,Leve,SAN BLAS-CANILLEJAS,AVDA. FERMINA SEVILLANO 42
2019-01-18 13:00:00,Despejado,Colision,Moderada,VICÁLVARO,CALL. VILLABLANCA 11
2019-01-18 08:00:00,Despejado,Caida,Moderada,CENTRO,CALL. GENOVA 2
2019-01-19 21:00:00,Lluvia,Colision,Leve,SALAMANCA,PLAZA. INDEPENDENCIA / CALL. ALCALA
2019-01-19 11:00:00,Despejado,Caida,Moderada,FUENCARRAL-EL PARDO,CTRA. EL PARDO A FUENCARRAL
2019-01-21 17:00:00,Despejado,Colision,Moderada,HORTALEZA,CALL. SAN ENRIQUE DE OSSO 36
2019-01-23 16:00:00,Despejado,Colision,Leve,PUENTE DE VALLECAS,AVDA. ALBUFERA 149
2019-01-24 20:00:00,Despejado,Otro,Leve,PUENTE DE VALLECAS,AVDA. ALBUFERA / CALL. PUERTO DE CANFRANC
2019-01-24 11:00:00,Despejado,Imprudencia,Leve,TETUÁN,CALL. BRAVO MURILLO / CALL. PENSAMIENTO
2019-01-24 11:00:00,Despejado,Imprudencia,Leve,TETUÁN,CALL. BRAVO MURILLO / CALL. PENSAMIENTO
2019-01-25 09:00:00,Despejado,Colision,Leve,RETIRO,"CALLE ALFONSO XI , CALLE ALCALA"
2019-01-25 04:00:00,Despejado,Colision,Leve,CENTRO,CALL. GRAN VIA 78
2019-01-26 22:00:00,Despejado,Colision,Leve,SALAMANCA,CALL. MARIA DE MOLINA 60
2019-01-27 16:00:00,Despejado,Imprudencia,Moderada,CENTRO,CALL. ALCALA 44
2019-01-27 16:00:00,Despejado,Imprudencia,Leve,CENTRO,CALL. ALCALA 44
2019-01-28 18:00:00,Despejado,Caida,Leve,ARGANZUELA,CALL. MENDEZ ALVARO / CALL. TITAN
2019-01-29 16:00:00,Lluvia,Caida,Moderada,CENTRO,PASEO. RECOLETOS 23
2019-01-30 13:00:00,Despejado,Colision,Moderada,CARABANCHEL,AVDA. CARABANCHEL ALTO 122
2019-01-30 12:00:00,Despejado,Imprudencia,Leve,CARABANCHEL,CALL. TOMASA RUIZ 1
2019-02-01 14:00:00,Despejado,Colision,Leve,RETIRO,CALL. DOCTOR ESQUERDO / CALL. DOCTOR ESQUERDO
2019-02-01 02:00:00,Lluvia,Colision,Leve,CHAMBERÍ,CALL. SANTA ENGRACIA / CALL. RIOS ROSAS
2019-02-01 00:00:00,Lluvia,Colision,Leve,SALAMANCA,CALL. FRANCISCO SANTOS / CALL. MARTINEZ IZQUIERDO
2019-02-02 12:00:00,Despejado,Colision,Leve,PUENTE DE VALLECAS,CALL. MARTINEZ DE LA RIVA 4
2019-02-02 11:00:00,Despejado,Imprudencia,Leve,USERA,CALL. MARCELO USERA / CALL. MANUEL NOYA
2019-02-02 11:00:00,Despejado,Imprudencia,Leve,USERA,CALL. MARCELO USERA / CALL. MANUEL NOYA
2019-02-02 00:00:00,Despejado,Caida,Moderada,SALAMANCA,CALL. MARIA DE MOLINA 18
2019-02-03 17:00:00,Despejado,Caida,Leve,MONCLOA-ARAVACA,CALL. ALTAMIRANO / PASEO. PINTOR ROSALES
2019-02-06 20:00:00,Despejado,Colision,Leve,CHAMARTÍN,CALL. AGUSTIN DE FOXA 30
2019-02-06 18:00:00,Despejado,Colision,Leve,SALAMANCA,CALL. ALCALA 173
2019-02-06 17:00:00,Despejado,Caida,Leve,CENTRO,CALL. GRAN VIA / CALL. ALCALA
2019-02-06 10:00:00,Despejado,Colision,Moderada,SALAMANCA,CALL. JUAN BRAVO 17
2019-02-06 08:00:00,Despejado,Imprudencia,Moderada,FUENCARRAL-EL PARDO,AVDA. LLANO CASTELLANO / AVDA. CARDENAL HERRERA ORIA
2019-02-06 08:00:00,Despejado,Imprudencia,Leve,FUENCARRAL-EL PARDO,AVDA. LLANO CASTELLANO / AVDA. CARDENAL HERRERA ORIA
2019-02-07 19:00:00,Despejado,Caida,Leve,CHAMARTÍN,CALL. PRINCIPE DE VERGARA / GTA. LOPEZ DE HOYOS
2019-02-07 16:00:00,Despejado,Colision,Leve,CHAMBERÍ,CALL. VALLEHERMOSO / CALL. FERNANDEZ DE LOS RIOS
2019-02-07 09:00:00,Despejado,Imprudencia,Leve,CHAMARTÍN,CALL. PRADILLO 42
2019-02-08 22:00:00,Despejado,Caida,Leve,CENTRO,CALL. ALCALA 13
2019-02-08 22:00:00,Despejado,Colision,Leve,CENTRO,CALL. MESON DE PAREDES / CALL. JUANELO
2019-02-10 16:00:00,Despejado,Colision,Leve,RETIRO,PASEO. REINA CRISTINA / CALL. ANDRES TORREJON
2019-02-10 14:00:00,Despejado,Colision,Leve,CHAMARTÍN,CALL. PRINCIPE DE VERGARA 219
2019-02-11 16:00:00,Despejado,Colision,Leve,SALAMANCA,CALL. SERRANO 8
2019-02-11 14:00:00,Despejado,Colision,Moderada,SALAMANCA,CALL. ALCALA 101
2019-02-11 09:00:00,Despejado,Colision,Leve,CHAMBERÍ,CALL. MIGUEL ANGEL 29
2019-02-12 22:00:00,Despejado,Colision,Moderada,CENTRO,PASEO. PRADO 2
2019-02-12 19:00:00,Despejado,Colision,Leve,CHAMBERÍ,GTA. QUEVEDO / CALL. SAN BERNARDO
2019-02-13 18:00:00,Despejado,Imprudencia,Moderada,HORTALEZA,CALL. SILVANO / CALL. FRANCISCO MOSQUEDA
2019-02-13 18:00:00,Despejado,Imprudencia,Leve,HORTALEZA,CALL. SILVANO / CALL. FRANCISCO MOSQUEDA
2019-02-13 14:00:00,Despejado,Colision,Moderada,SALAMANCA,CALL. CONDE DE PEÑALVER 38
2019-02-14 20:00:00,Despejado,Imprudencia,Leve,CHAMBERÍ,CALL. SANTA ENGRACIA 6
2019-02-14 20:00:00,Despejado,Imprudencia,Leve,CHAMBERÍ,CALL. SANTA ENGRACIA 6
2019-02-14 18:00:00,Despejado,Caida,Leve,RETIRO,AVDA. MENENDEZ PELAYO 38
2019-02-14 18:00:00,Despejado,Colision,Leve,MORATALAZ,AUTOV. M-40 CON AVDA. DOCTOR GARCIA TAPIA
2019-02-14 14:00:00,Despejado,Colision,Leve,RETIRO,PASEO. INFANTA ISABEL 17
2019-02-15 14:00:00,Despejado,Caida,Leve,RETIRO,GTA. ANGEL CAIDO 4
2019-02-16 20:00:00,Despejado,Caida,Leve,CARABANCHEL,CALL. JOAQUIN TURINA 31
2019-02-16 17:00:00,Despejado,Caida,Moderada,ARGANZUELA,PASEO. CHOPERA 2
2019-02-16 14:00:00,Despejado,Colision,Leve,CENTRO,RONDA DE VALENCIA CON GLORIETA DE EMBAJADORES
2019-02-17 09:00:00,Despejado,Colision,Grave,CARABANCHEL,AVDA. POBLADOS / CALL. ANTONIO ROMERO
2019-02-19 12:00:00,Despejado,Colision,Leve,LATINA,CALL. IGLESIAS EXTRAMUROS / AVDA. PESETA
2019-02-20 10:00:00,Despejado,Colision,Leve,PUENTE DE VALLECAS,CALL. MANCHA / AVDA. ENTREVIAS
2019-02-20 08:00:00,Despejado,Caida,Leve,CENTRO,CALL. ATOCHA 104
2019-02-22 20:00:00,Despejado,Colision,Moderada,CARABANCHEL,CALL. GENERAL RICARDOS 18
2019-02-23 21:00:00,Despejado,Colision,Leve,MONCLOA-ARAVACA,PLAZA. ESPAÑA 16
2019-02-23 11:00:00,Despejado,Caida,Leve,ARGANZUELA,CALL. PARROCO EUSEBIO CUENCA 46
2019-02-25 17:00:00,Despejado,Caida,Moderada,CENTRO,CALL. ESPARTEROS 12
2019-02-27 20:00:00,Despejado,Colision,Leve,LATINA,CALL. MELILOTO / CALL. NOPALERA
2019-02-27 19:00:00,Despejado,Colision,Leve,CHAMBERÍ,PASEO. GENERAL MARTINEZ CAMPOS / CALL. MODESTO LAFUENTE
2019-02-27 10:00:00,Despejado,Caida,Leve,RETIRO,PASEO. FERNAN NUÑEZ / PASEO. VENEZUELA
2019-02-28 09:00:00,Despejado,Colision,Leve,BARAJAS,GTA. SINTRA / CALL. VIA DE DUBLIN
2019-02-28 08:00:00,Despejado,Caida,Leve,CHAMBERÍ,PASEO. CASTELLANA 29
2019-03-01 21:00:00,Despejado,Colision,Leve,RETIRO,PASEO. PRADO 13
2019-03-01 13:00:00,Despejado,Caida,Leve,CHAMBERÍ,CALL. MODESTO LAFUENTE 61
2019-03-01 12:00:00,Despejado,Otro,Leve,VICÁLVARO,CALL. HACIENDA DE PAVONES / CALL. BRUJAS
2019-03-01 12:00:00,Despejado,Caida,Leve,ARGANZUELA,RONDA. ATOCHA 7
2019-03-02 15:00:00,Despejado,Caida,Leve,TETUÁN,CALL. RAIMUNDO FERNANDEZ VILLAVERDE / PASEO. CASTELLANA
2019-03-02 14:00:00,Despejado,Caida,Grave,ARGANZUELA,PASEO. MOLINO 1
2019-03-02 04:00:00,Despejado,Caida,Leve,CENTRO,PASEO. PRADO 48
2019-03-03 23:00:00,Despejado,Colision,Leve,CENTRO,PLAZA. EMPERADOR CARLOS V 1
2019-03-03 21:00:00,Despejado,Colision,Leve,CHAMBERÍ,CALL. PRINCESA / CALL. HILARION ESLAVA
2019-03-04 16:00:00,Despejado,Colision,Leve,MORATALAZ,CALL. ARROYO DE LA MEDIA LEGUA / CALL. CORREGIDOR DIEGO CABEZA DE VACA
2019-03-04 16:00:00,Despejado,Colision,Leve,RETIRO,CALL. ALFONSO XII / CALL. MONTALBAN
2019-03-04 13:00:00,Despejado,Colision,Moderada,CHAMARTÍN,PASEO. CASTELLANA 92
2019-03-04 12:00:00,Despejado,Caida,Leve,RETIRO,RETIRO
2019-03-05 16:00:00,Despejado,Colision,Leve,BARAJAS,CALL. TRESPADERNE / AVDA. SUR DEL AEROPUERTO DE BARAJAS
2019-03-06 17:00:00,Despejado,Colision,Leve,SAN BLAS-CANILLEJAS,CALL. ALBAIDA 76
2019-03-06 10:00:00,Despejado,Caida,Leve,VILLA DE VALLECAS,PLAZA. CARDENAL CISNEROS / AVDA. COMPLUTENSE
2019-03-08 21:00:00,Despejado,Colision,Moderada,HORTALEZA,CALL. PRINCIPE CARLOS / CALL. MARIA TUDOR
2019-03-08 21:00:00,Despejado,Colision,Moderada,HORTALEZA,CALL. PRINCIPE CARLOS / CALL. MARIA TUDOR
2019-03-08 19:00:00,Despejado,Colision,Leve,BARAJAS,AVDA. PARTENON 2
2019-03-08 17:00:00,Despejado,Colision,Leve,TETUÁN,PASEO. CASTELLANA / CALL. RAIMUNDO FERNANDEZ VILLAVERDE
2019-03-09 20:00:00,Despejado,Colision,Leve,PUENTE DE VALLECAS,CALL. LOPEZ GRASS / AVDA. ALBUFERA
2019-03-10 22:00:00,Despejado,Caida,Leve,LATINA,AVDA. PORTUGAL 1
2019-03-10 19:00:00,Despejado,Colision,Moderada,LATINA,PASEO. ERMITA DEL SANTO / CALL. VIA CARPETANA
2019-03-10 17:00:00,Despejado,Colision,Leve,HORTALEZA,AVDA. INGENIERO EMILIO HERRERA 15
2019-03-10 15:00:00,Despejado,Colision,Grave,HORTALEZA,CALL. SANTA ADELA 14
2019-03-10 15:00:00,Despejado,Colision,Leve,HORTALEZA,CALL. SANTA ADELA 14
2019-03-11 22:00:00,Despejado,Colision,Leve,CENTRO,PLAZA. ESPAÑA / CALL. BAILEN
2019-03-11 21:00:00,Despejado,Caida,Moderada,SALAMANCA,CALL. ALCALDE SAINZ DE BARANDA / AUTOV. M-30
2019-03-11 20:00:00,Despejado,Otro,Leve,VILLAVERDE,CALL. ALCOCER / AVDA. ANDALUCIA
2019-03-12 10:00:00,Despejado,Caida,Leve,PUENTE DE VALLECAS,CALL. REGUERA DE TOMATEROS 39
2019-03-12 09:00:00,Despejado,Colision,Moderada,CHAMARTÍN,CALLE JORGE MANRIQUE - CALLE SERRANO
2019-03-13 19:00:00,Despejado,Otro,Leve,USERA,CALL. DOLORES BARRANCO / CALL. NICOLAS SANCHEZ
2019-03-14 12:00:00,Despejado,Colision,Leve,MONCLOA-ARAVACA,AVDA. VICTORIA 11
2019-03-15 22:00:00,Despejado,Colision,Moderada,TETUÁN,CALL. BRAVO MURILLO 305
2019-03-15 20:00:00,Despejado,Caida,Moderada,RETIRO,AVDA. CIUDAD DE BARCELONA / CALL. SECO
2019-03-16 19:00:00,Despejado,Colision,Leve,RETIRO,CALL. O'DONNELL 52
2019-03-16 18:00:00,Despejado,Colision,Leve,CHAMBERÍ,CALL. ALMAGRO 25
2019-03-16 12:00:00,Despejado,Colision,Leve,HORTALEZA,AVDA. NICETO ALCALA ZAMORA / CALL. JULIO CASARES
2019-03-16 01:00:00,Despejado,Caida,Leve,CENTRO,CALL. LUIS DE GONGORA / CALL. GRAVINA
2019-03-17 21:00:00,Despejado,Caida,Leve,CHAMARTÍN,PASEO. LA HABANA 39
2019-03-17 12:00:00,Despejado,Imprudencia,Leve,USERA,AVDA. MANZANARES 196
2019-03-17 12:00:00,Despejado,Imprudencia,Leve,USERA,AVDA. MANZANARES 196
2019-03-17 12:00:00,Despejado,Imprudencia,Leve,USERA,"PQUE. MADRID RIO, +00700E"
2019-03-17 12:00:00,Despejado,Imprudencia,Leve,USERA,"PQUE. MADRID RIO, +00700E"
2019-03-17 10:00:00,Despejado,Caida,Leve,SAN BLAS-CANILLEJAS,CALL. SUECIA / AVDA. CANILLEJAS A VICALVARO
2019-03-18 14:00:00,Despejado,Colision,Leve,CENTRO,CALL. SAN BERNARDO 43
2019-03-18 00:00:00,Despejado,Caida,Grave,CENTRO,CUSTA. SAN VICENTE / CALL. BAILEN
2019-03-19 08:00:00,Despejado,Colision,Leve,FUENCARRAL-EL PARDO,PLAZA. LEALTAD / PASEO. PRADO
2019-03-20 18:00:00,Despejado,Caida,Leve,PUENTE DE VALLECAS,CALL. SANTA CRUZ DE RETAMAR / AVDA. MIGUEL HERNANDEZ
2019-03-20 16:00:00,Despejado,Caida,Leve,CENTRO,CALLE ALACALA - PASEO DEL PRADO
2019-03-20 16:00:00,Despejado,Otro,Leve,VILLA DE VALLECAS,AVDA. ENSANCHE DE VALLECAS / AVDA. LA GAVIA
2019-03-20 10:00:00,Despejado,Imprudencia,Leve,CHAMARTÍN,PASEO. ERMITA DEL SANTO / GTA. PUENTE DE SEGOVIA
2019-03-20 10:00:00,Despejado,Imprudencia,Leve,CHAMARTÍN,PASEO. ERMITA DEL SANTO / GTA. PUENTE DE SEGOVIA
2019-03-22 16:00:00,Despejado,Colision,Leve,CIUDAD LINEAL,CALL. JOSE SILVA 2
2019-03-22 14:00:00,Despejado,Caida,Grave,VILLAVERDE,CALL. HULLA / AVDA. LOS ROSALES
2019-03-22 14:00:00,Despejado,Imprudencia,Leve,CENTRO,CALL. ATOCHA 109
2019-03-22 14:00:00,Despejado,Imprudencia,Moderada,CENTRO,CALL. ATOCHA 109
2019-03-22 14:00:00,Despejado,Colision,Leve,CHAMARTÍN,PASEO. LA HABANA / CALL. SANTIAGO BERNABEU
2019-03-23 12:00:00,Despejado,Caida,Leve,CARABANCHEL,GTA. MARQUES DE VADILLO / PNTE. TOLEDO
2019-03-24 22:00:00,Despejado,Colision,Leve,CENTRO,CALL. HORTALEZA 100
2019-03-24 22:00:00,Despejado,Colision,Leve,CENTRO,CALL. HORTALEZA 100
2019-03-24 12:00:00,Despejado,Colision,Leve,ARGANZUELA,CALL. RETAMA / CALL. ACANTO
2019-03-24 02:00:00,Despejado,Caida,Leve,TETUÁN,CALL. BRAVO MURILLO 120
2019-03-25 23:00:00,Despejado,Imprudencia,Moderada,CENTRO,CALL. HORTALEZA 18
2019-03-25 23:00:00,Despejado,Imprudencia,Moderada,CENTRO,CALL. HORTALEZA 18
2019-03-25 12:00:00,Despejado,Caida,Leve,FUENCARRAL-EL PARDO,CALL. PORTOMARIN 11
2019-03-26 19:00:00,Despejado,Otro,Leve,CHAMARTÍN,"CALL. JOAQUIN COSTA, FRENTE Nº 6"
2019-03-26 19:00:00,Despejado,Colision,Leve,PUENTE DE VALLECAS,CALL. MANCHA 4
2019-03-26 13:00:00,Despejado,Caida,Leve,SALAMANCA,PLAZA. CIBELES / CALL. ALCALA
2019-03-27 22:00:00,Despejado,Caida,Moderada,CENTRO,PLAZA. EMPERADOR CARLOS V / CALL. SANTA ISABEL
2019-03-27 13:00:00,Despejado,Caida,Leve,MORATALAZ,CALL. ARROYO FONTARRON 483
2019-03-28 15:00:00,Despejado,Colision,Leve,CENTRO,AVDA. GRAN VIA DE SAN FRANCISCO 4
2019-03-28 11:00:00,Despejado,Caida,Leve,CHAMBERÍ,CALL. FERNANDEZ DE LOS RIOS 33
2019-03-29 21:00:00,Despejado,Colision,Leve,USERA,AVDA. RAFAELA YBARRA 73
2019-03-29 18:00:00,Despejado,Colision,Moderada,MONCLOA-ARAVACA,AVDA. MIRAFLORES 48
2019-03-29 17:00:00,Despejado,Colision,Leve,TETUÁN,CALL. ORENSE 15
2019-03-30 20:00:00,Despejado,Colision,Grave,HORTALEZA,AVDA. SECUNDINO ZUAZO / CALL. CESAR CORT BOTI
2019-03-30 14:00:00,Despejado,Colision,Leve,ARGANZUELA,CALL. JUAN DUQUE / CALL. MORENO NIETO
2019-03-30 10:00:00,Despejado,Colision,Moderada,BARAJAS,GTA. ERMITA DE LA VIRGEN DE LA SOLEDAD
2019-03-30 09:00:00,Despejado,Colision,Leve,PUENTE DE VALLECAS,AVDA. MIGUEL HERNANDEZ / CALL. LEON FELIPE
2019-03-31 12:00:00,Lluvia,Caida,Leve,SALAMANCA,PASEO. CASTELLANA 16
2019-04-01 23:00:00,Despejado,Colision,Leve,ARGANZUELA,PASEO. DELICIAS 32
2019-04-01 18:00:00,Despejado,Colision,Leve,MONCLOA-ARAVACA,JUNTO A HUERTA DE LA PARTIDA
2019-04-01 16:00:00,Despejado,Caida,Moderada,ARGANZUELA,RONDA. TOLEDO 10
2019-04-01 15:00:00,Despejado,Colision,Leve,SALAMANCA,CALL. ALCALA 91
2019-04-02 14:00:00,Niebla,Colision,Leve,FUENCARRAL-EL PARDO,"AUTOV. M-607, +01500S"
2019-04-02 14:00:00,Niebla,Colision,Leve,FUENCARRAL-EL PARDO,"AUTOV. M-607, +01500S"
2019-04-03 17:00:00,Despejado,Caida,Moderada,PUENTE DE VALLECAS,IDB. PARQUE LINEAL DEL MANZANARES
2019-04-03 15:00:00,Despejado,Colision,Leve,MORATALAZ,AVDA. DOCTOR GARCIA TAPIA 157A
2019-04-04 22:00:00,Despejado,Colision,Leve,CENTRO,CALL. GRAN VIA / METRO. PLAZA DE ESPAÑA
2019-04-05 10:00:00,Lluvia,Colision,Moderada,CIUDAD LINEAL,CALL. ARRIAGA / CALL. FERNANDO GABRIEL
2019-04-06 21:00:00,Lluvia,Colision,Moderada,ARGANZUELA,CALL. MIGUEL ARREDONDO / CALL. ALONSO CARBONELL
2019-04-06 20:00:00,Lluvia,Caida,Moderada,CENTRO,CALL. VICTORIA 4
2019-04-07 10:00:00,Despejado,Imprudencia,Leve,CENTRO,CALL. HORTALEZA 17
2019-04-08 15:00:00,Despejado,Colision,Leve,CARABANCHEL,CALL. DOBLA / AVDA. POBLADOS
2019-04-08 12:00:00,Niebla,Imprudencia,Leve,USERA,AVDA. MANZANARES 200
2019-04-08 12:00:00,Niebla,Imprudencia,Leve,USERA,AVDA. MANZANARES 200
2019-04-08 11:00:00,Lluvia,Colision,Leve,USERA,CALL. DOLORES BARRANCO / CALL. JUSTA GARCIA
2019-04-08 09:00:00,Lluvia,Colision,Leve,MONCLOA-ARAVACA,CALL. EXPLANADA / CALL. PEDRO JUSTO DORADO DELLMANS
2019-04-09 13:00:00,Niebla,Otro,Leve,CENTRO,PASEO. RECOLETOS / CALL. GENOVA
2019-04-10 17:00:00,Despejado,Caida,Moderada,CENTRO,CALL. ALCALA 42
2019-04-10 09:00:00,Despejado,Imprudencia,Leve,RETIRO,PASEO. FERNAN NUÑEZ 1
2019-04-10 09:00:00,Despejado,Imprudencia,Leve,RETIRO,PASEO. FERNAN NUÑEZ 1
2019-04-10 08:00:00,Despejado,Colision,Leve,SAN BLAS-CANILLEJAS,AVENIDA CANILLEJAS A VICÁLVARO CON GLORIETA M-40
2019-04-11 16:00:00,Despejado,Caida,Leve,CHAMBERÍ,CALL. LUCHANA 34
2019-04-11 09:00:00,Despejado,Colision,Moderada,TETUÁN,CALL. SAN GERMAN / CALL. POETA JOAN MARAGALL
2019-04-12 18:00:00,Despejado,Caida,Leve,LATINA,PASEO. EXTREMADURA 153
2019-04-12 14:00:00,Despejado,Caida,Moderada,CENTRO,CALL. BARCO 32
2019-04-12 14:00:00,Despejado,Caida,Leve,CENTRO,CALL. BARCO 32
2019-04-12 12:00:00,Despejado,Colision,Leve,TETUÁN,CALL. POETA JOAN MARAGALL / CALL. SOR ANGELA DE LA CRUZ
2019-04-14 17:00:00,Despejado,Colision,Leve,CENTRO,CALL. MESON DE PAREDES / RONDA. VALENCIA
2019-04-16 19:00:00,Despejado,Caida,Moderada,RETIRO,CALL. CLAUDIO MOYANO / PASEO. PRADO
2019-04-16 08:00:00,Despejado,Caida,Leve,CENTRO,CALL. SANTA ISABEL 50
2019-04-17 19:00:00,Despejado,Colision,Leve,USERA,CALL. DOCTOR TOLOSA LATOUR 21
2019-04-20 21:00:00,Lluvia,Caida,Moderada,VILLAVERDE,CALL. GILENA 14
2019-04-20 21:00:00,Despejado,Colision,Leve,CHAMBERÍ,CALL. SANTA ENGRACIA 76
2019-04-21 17:00:00,Niebla,Imprudencia,Moderada,BARAJAS,PQUE. JUAN CARLOS I 1
2019-04-22 19:00:00,Despejado,Caida,Leve,HORTALEZA,AVDA. LAS FUERZAS ARMADAS 118
2019-04-23 17:00:00,Despejado,Caida,Leve,CENTRO,CUSTA. SANTO DOMINGO / CALL. FOMENTO
2019-04-24 16:00:00,Despejado,Otro,Leve,MORATALAZ,CALL. ARROYO BELINCOSO 24
2019-04-24 10:00:00,Lluvia,Colision,Moderada,MONCLOA-ARAVACA,CALL. GOBELAS / CALL. GUECHO
2019-04-27 20:00:00,Despejado,Colision,Leve,CENTRO,MADRID
2019-04-27 14:00:00,Despejado,Colision,Leve,VILLAVERDE,AVDA. RAFAELA YBARRA 137
2019-04-27 13:00:00,Despejado,Colision,Leve,VICÁLVARO,AVDA. COMUNIDADES / AVDA. DEMOCRACIA
2019-04-27 11:00:00,Despejado,Colision,Moderada,SAN BLAS-CANILLEJAS,CALL. JULIA GARCIA BOUTAN / CALL. SOFIA
2019-04-28 17:00:00,Despejado,Colision,Moderada,FUENCARRAL-EL PARDO,"CTRA. M-616, +00600S"
2019-04-29 21:00:00,Despejado,Caida,Leve,CHAMBERÍ,PLAZA. ALONSO MARTINEZ 7
2019-04-29 07:00:00,Despejado,Imprudencia,Leve,CIUDAD LINEAL,CALL. ALCALA / CALL. LOS URQUIZA
2019-04-29 07:00:00,Despejado,Imprudencia,Moderada,CIUDAD LINEAL,CALL. ALCALA / CALL. LOS URQUIZA
2019-05-02 10:00:00,Despejado,Imprudencia,Leve,VICÁLVARO,BULEV. JOSE PRAT / CALL. HACIENDA DE PAVONES
2019-05-02 10:00:00,Despejado,Imprudencia,Moderada,VICÁLVARO,BULEV. JOSE PRAT / CALL. HACIENDA DE PAVONES
2019-05-03 22:00:00,Despejado,Caida,Moderada,CENTRO,CALL. SANTA CATALINA / CRA. SAN JERONIMO
2019-05-04 21:00:00,Despejado,Colision,Leve,CHAMBERÍ,CALL. CEA BERMUDEZ / CALL. BRAVO MURILLO
2019-05-05 21:00:00,Despejado,Caida,Moderada,ARGANZUELA,PASEO. ESPERANZA 15
2019-05-05 15:00:00,Despejado,Imprudencia,Leve,LATINA,CALL. SESEÑA 46A
2019-05-05 15:00:00,Despejado,Imprudencia,Leve,LATINA,CALL. SESEÑA 46A
2019-05-06 19:00:00,Despejado,Colision,Leve,RETIRO,AVDA. MENENDEZ PELAYO 65
2019-05-06 08:00:00,Despejado,Colision,Moderada,CIUDAD LINEAL,CALL. ALCALA 346
2019-05-06 05:00:00,Despejado,Colision,Leve,SALAMANCA,CALL. ALCALA / CALL. VELAZQUEZ
2019-05-07 15:00:00,Despejado,Colision,Leve,SALAMANCA,CALL. ALCALA 142
2019-05-07 14:00:00,Despejado,Colision,Leve,CHAMBERÍ,CALL. SANTA ENGRACIA / CALL. MANUEL GONZALEZ LONGORIA
2019-05-07 12:00:00,Despejado,Colision,Leve,RETIRO,CALL. ALCALA / PALAC. CIBELES
2019-05-10 20:00:00,Despejado,Colision,Leve,TETUÁN,CALL. HERNANI 35
2019-05-10 17:00:00,Despejado,Colision,Moderada,SAN BLAS-CANILLEJAS,CALL. JUAN IGNACIO LUCA DE TENA 15
2019-05-10 16:00:00,Despejado,Colision,Leve,CARABANCHEL,AVDA. POBLADOS 74
2019-05-10 16:00:00,Despejado,Caida,Moderada,TETUÁN,AVDA. ASTURIAS 56
2019-05-10 12:00:00,Despejado,Colision,Leve,CARABANCHEL,MADRID RIO
2019-05-10 12:00:00,Despejado,Colision,Leve,CARABANCHEL,MADRID RIO
2019-05-10 12:00:00,Despejado,Colision,Leve,CARABANCHEL,MADRID RIO
2019-05-10 10:00:00,Despejado,Colision,Leve,MORATALAZ,CALL. ARROYO FONTARRON 393
2019-05-10 01:00:00,Despejado,Imprudencia,Leve,CENTRO,CALL. ALCALA 44
2019-05-11 20:00:00,Despejado,Caida,Moderada,FUENCARRAL-EL PARDO,CALL. GABRIELA MISTRAL 20
2019-05-11 20:00:00,Despejado,Imprudencia,Moderada,MONCLOA-ARAVACA,PASEO. PLATANOS / PASEO. PUERTA DEL ANGEL
2019-05-11 11:00:00,Despejado,Colision,Moderada,VILLA DE VALLECAS,AVDA. CERRO MILANO 1
2019-05-11 11:00:00,Despejado,Colision,Leve,VILLA DE VALLECAS,AVDA. CERRO MILANO 1
2019-05-12 20:00:00,Despejado,Colision,Leve,TETUÁN,CALL. MARQUES DE VIANA 38
2019-05-12 20:00:00,Despejado,Colision,Leve,TETUÁN,CALL. MARQUES DE VIANA 38
2019-05-13 23:00:00,Despejado,Colision,Leve,SALAMANCA,CALL. GOYA / CALL. ALCALA
2019-05-13 15:00:00,Despejado,Colision,Moderada,MORATALAZ,CALL. HACIENDA DE PAVONES / CALL. LUIS DE HOYOS SAINZ
2019-05-13 13:00:00,Despejado,Colision,Leve,SALAMANCA,PASEO. CASTELLANA / CALL. MARIA DE MOLINA
2019-05-14 18:00:00,Despejado,Colision,Leve,CIUDAD LINEAL,AVDA. BADAJOZ / CALL. MADRE ANTONIA PARIS
2019-05-14 14:00:00,Despejado,Caida,Leve,CENTRO,CALL. ISABEL LA CATOLICA 5
2019-05-15 14:00:00,Despejado,Colision,Leve,CIUDAD LINEAL,CALL. ALCALA / CALL. RAQUEL MELLER
2019-05-15 14:00:00,Despejado,Colision,Leve,ARGANZUELA,CALL. PUERTO SERRANO / CALL. PUERTO DE LA CRUZ VERDE
2019-05-16 23:00:00,Despejado,Colision,Moderada,PUENTE DE VALLECAS,AVDA. SAN DIEGO / CALL. MONTES UNIVERSALES
2019-05-16 22:00:00,Despejado,Caida,Leve,ARGANZUELA,CALL. SEBASTIAN HERRERA 15
2019-05-16 20:00:00,Despejado,Caida,Leve,CENTRO,CALL. BARCELO 6
2019-05-16 16:00:00,Despejado,Caida,Leve,CENTRO,PASEO. PRADO 4
2019-05-16 08:00:00,Despejado,Colision,Moderada,HORTALEZA,CTRA. ESTACION DE HORTALEZA / AUTOV. M-11
2019-05-16 01:00:00,Despejado,Colision,Leve,ARGANZUELA,PASEO. ACACIAS 25A
2019-05-17 23:00:00,Despejado,Colision,Leve,CHAMBERÍ,CALL. JOSE ABASCAL 5
2019-05-18 18:00:00,Despejado,Caida,Moderada,BARAJAS,PQUE. JUAN CARLOS I 1
2019-05-18 18:00:00,Despejado,Imprudencia,Leve,MONCLOA-ARAVACA,PASEO. PINTOR ROSALES / PASEO. MORET
2019-05-18 18:00:00,Despejado,Imprudencia,Leve,MONCLOA-ARAVACA,PASEO. PINTOR ROSALES / PASEO. MORET
2019-05-18 18:00:00,Despejado,Imprudencia,Leve,MONCLOA-ARAVACA,PASEO. PINTOR ROSALES / PASEO. MORET
2019-05-19 21:00:00,Despejado,Imprudencia,Leve,CENTRO,CALL. MAYOR 1
2019-05-19 21:00:00,Despejado,Imprudencia,Leve,CENTRO,CALL. MAYOR 1
2019-05-19 18:00:00,Despejado,Caida,Leve,MONCLOA-ARAVACA,CTRA. CIUDAD UNIVERSITARIA / PASEO. VENTA
2019-05-19 11:00:00,Despejado,Colision,Leve,BARAJAS,AVDA. LOGROÑO / AUTOV. M-40
2019-05-19 04:00:00,Despejado,Caida,Leve,TETUÁN,CALL. BRAVO MURILLO 164
2019-05-20 14:00:00,Despejado,Imprudencia,Leve,VILLAVERDE,CALL. PALOMARES / CALL. JUAN PEÑALVER
2019-05-20 14:00:00,Despejado,Imprudencia,Leve,VILLAVERDE,CALL. PALOMARES / CALL. JUAN PEÑALVER
2019-05-20 09:00:00,Despejado,Caida,Leve,TETUÁN,CALL. ORENSE 27
2019-05-21 21:00:00,Despejado,Caida,Moderada,CENTRO,CALL. RIBERA DE CURTIDORES / CALL. CARNERO
2019-05-21 21:00:00,Despejado,Caida,Moderada,CENTRO,CALL. RIBERA DE CURTIDORES / CALL. CARNERO
2019-05-21 20:00:00,Despejado,Caida,Moderada,FUENCARRAL-EL PARDO,CALL. ISLA DE YESO 11
2019-05-21 19:00:00,Despejado,Caida,Leve,RETIRO,PASEO. FERNAN NUÑEZ 2
2019-05-21 19:00:00,Despejado,Colision,Leve,CIUDAD LINEAL,CALL. MALMOE 3
2019-05-21 02:00:00,Despejado,Caida,Moderada,PUENTE DE VALLECAS,CALL. BUSTOS / CALL. SIERRA DE LOS FILABRES
2019-05-22 21:00:00,Despejado,Caida,Moderada,ARGANZUELA,PQUE. ENRIQUE TIERNO GALVAN
2019-05-22 17:00:00,Despejado,Colision,Leve,CENTRO,CALL. MESON DE PAREDES / CALL. TRIBULETE
2019-05-22 11:00:00,Despejado,Caida,Moderada,CARABANCHEL,PASEO. MARCELINO CAMACHO / CALL. ANTOLINA MERINO
2019-05-22 07:00:00,Despejado,Colision,Grave,RETIRO,CALL. O'DONNELL 50
2019-05-23 21:00:00,Despejado,Caida,Moderada,CIUDAD LINEAL,CALL. VAZQUEZ DE MELLA 49
2019-05-23 19:00:00,Despejado,Colision,Moderada,FUENCARRAL-EL PARDO,"CTRA. M-616, +00500S"
2019-05-23 19:00:00,Despejado,Colision,Leve,FUENCARRAL-EL PARDO,"CTRA. M-616, +00500S"
2019-05-23 09:00:00,Despejado,Caida,Leve,CENTRO,CUESTA SANTO DOMINGO. 5
2019-05-24 14:00:00,Despejado,Colision,Leve,TETUÁN,PLAZA. CASTILLA / PASEO. CASTELLANA
2019-05-25 16:00:00,Despejado,Caida,Leve,SAN BLAS-CANILLEJAS,CALL. LIVERPOOL / CALL. MARIA SEVILLA DIAGO
2019-05-25 08:00:00,Despejado,Colision,Leve,ARGANZUELA,PASEO. ACACIAS 1
2019-05-25 08:00:00,Despejado,Caida,Grave,CENTRO,CALL. MESON DE PAREDES 75
2019-05-26 09:00:00,Despejado,Colision,Moderada,CENTRO,CALL. TOLEDO / CALL. CONCEPCION JERONIMA
2019-05-26 02:00:00,Despejado,Colision,Leve,TETUÁN,PLAZA. MANOLETE 7
2019-05-27 17:00:00,Despejado,Imprudencia,Leve,HORTALEZA,AVDA. VIRGEN DEL CARMEN 1
2019-05-27 17:00:00,Despejado,Imprudencia,Leve,HORTALEZA,AVDA. VIRGEN DEL CARMEN 1
2019-05-27 17:00:00,Despejado,Imprudencia,Leve,HORTALEZA,AVDA. VIRGEN DEL CARMEN 1
2019-05-28 21:00:00,Despejado,Colision,Leve,PUENTE DE VALLECAS,AVDA. MONTE IGUELDO 98
2019-05-28 19:00:00,Despejado,Otro,Leve,VILLAVERDE,AVDA. LOS ROSALES / CTRA. M-301
2019-05-28 17:00:00,Despejado,Colision,Leve,SALAMANCA,CALL. CONDE DE PEÑALVER 38
2019-05-28 12:00:00,Despejado,Imprudencia,Leve,CENTRO,CALL. BAILEN 2
2019-05-28 12:00:00,Despejado,Imprudencia,Leve,CENTRO,CALL. BAILEN 2
2019-05-28 10:00:00,Despejado,Colision,Leve,LATINA,GTA. PUENTE DE SEGOVIA / PNTE. SEGOVIA
2019-05-28 10:00:00,Despejado,Colision,Leve,CHAMBERÍ,CALL. SANTA ENGRACIA 123
2019-05-29 19:00:00,Despejado,Caida,Moderada,CENTRO,CALL. ATOCHA / CALL. SANTO TOMAS
2019-05-29 18:00:00,Despejado,Colision,Leve,SALAMANCA,CALL. PRINCIPE DE VERGARA 29
2019-05-29 10:00:00,Despejado,Colision,Grave,ARGANZUELA,PASEO. ACACIAS 63
2019-05-29 00:00:00,Despejado,Caida,Leve,SALAMANCA,CALL. AYALA / CALL. VELAZQUEZ
2019-05-31 18:00:00,Despejado,Colision,Leve,MONCLOA-ARAVACA,CALL. SANTA POLA 6
2019-05-31 17:00:00,Despejado,Imprudencia,Moderada,CHAMARTÍN,CALL. PEDRO DE VALDIVIA 12
2019-05-31 17:00:00,Despejado,Imprudencia,Leve,CHAMBERÍ,CALL. SANTA ENGRACIA 101
2019-05-31 17:00:00,Despejado,Imprudencia,Leve,CHAMBERÍ,CALL. SANTA ENGRACIA 101
2019-06-01 23:00:00,Despejado,Caida,Leve,TETUÁN,AVDA. ASTURIAS 54
2019-06-01 14:00:00,Despejado,Colision,Moderada,MORATALAZ,CALL. FUENTE CARRANTONA / CALL. BENJAMIN PALENCIA
2019-06-01 13:00:00,Despejado,Caida,Leve,LATINA,"PQUE. MADRID RIO, +00240E"
2019-06-01 13:00:00,Despejado,Imprudencia,Leve,VILLAVERDE,SENDA CICLABLE-AV.ROSALES-CARRET.VILLAV. A VALLECA
2019-06-01 13:00:00,Despejado,Imprudencia,Leve,VILLAVERDE,SENDA CICLABLE-AV.ROSALES-CARRET.VILLAV. A VALLECA
2019-06-01 08:00:00,Nieve,Colision,Leve,CIUDAD LINEAL,CALL. JOSE MARIA PEREDA / CALL. SOR MARIA DE AGREDA
2019-06-01 03:00:00,Despejado,Colision,Leve,TETUÁN,AVDA. ASTURIAS / CALL. VIA LIMITE
2019-06-02 23:00:00,Despejado,Otro,Leve,PUENTE DE VALLECAS,CALL. PICO DE LA MALICIOSA 10
2019-06-02 23:00:00,Despejado,Otro,Leve,PUENTE DE VALLECAS,CALL. PICO DE LA MALICIOSA 10
2019-06-02 19:00:00,Despejado,Colision,Leve,CARABANCHEL,CALL. VIA 50
2019-06-02 12:00:00,Despejado,Colision,Leve,CENTRO,PLAZA SAN FRANCISCO S/N
2019-06-03 19:00:00,Despejado,Colision,Leve,CENTRO,PLAZA. CIBELES / CALL. ALCALA
2019-06-03 15:00:00,Despejado,Imprudencia,Leve,CHAMBERÍ,GTA. RUBEN DARIO 1
2019-06-03 15:00:00,Despejado,Imprudencia,Leve,CHAMBERÍ,GTA. RUBEN DARIO 1
2019-06-04 21:00:00,Despejado,Imprudencia,Leve,CARABANCHEL,PASEO. ERMITA DEL SANTO 71
2019-06-04 20:00:00,Despejado,Colision,Leve,SAN BLAS-CANILLEJAS,CALL. CASTILLO DE MADRIGAL DE LAS ALTAS TORRES 9
2019-06-04 08:00:00,Despejado,Colision,Moderada,FUENCARRAL-EL PARDO,CALL. MONASTERIO DE SAMOS 18
2019-06-05 19:00:00,Despejado,Caida,Moderada,SALAMANCA,CALL. SERRANO 1
2019-06-05 15:00:00,Despejado,Colision,Moderada,RETIRO,PASEO. INFANTA ISABEL / AVDA. CIUDAD DE BARCELONA
2019-06-05 15:00:00,Despejado,Colision,Leve,CENTRO,CALL. GRAN VIA / CALL. ALCALA
2019-06-05 08:00:00,Despejado,Imprudencia,Leve,CARABANCHEL,CALLE JOAQUIN TURINA-CALLE SITIO DE EL ESCORIAL
2019-06-05 08:00:00,Despejado,Imprudencia,Leve,CARABANCHEL,CALLE JOAQUIN TURINA-CALLE SITIO DE EL ESCORIAL
2019-06-06 21:00:00,Despejado,Caida,Moderada,LATINA,AVDA. POBLADOS 41
2019-06-07 20:00:00,Despejado,Caida,Grave,PUENTE DE VALLECAS,CALL. JAVIER DE MIGUEL 113
2019-06-07 16:00:00,Despejado,Colision,Leve,CARABANCHEL,CALL. OCA / CALL. GENERAL RICARDOS
2019-06-07 13:00:00,Despejado,Caida,Moderada,PUENTE DE VALLECAS,AVDA. RAFAEL ALBERTI / CALL. EXTREMEÑOS
2019-06-07 08:00:00,Despejado,Colision,Leve,MONCLOA-ARAVACA,CALL. PLEYADES 14
2019-06-08 22:00:00,Despejado,Caida,Moderada,ARGANZUELA,CALL. SANTA MARIA LA REAL DE NIEVA 9
2019-06-08 22:00:00,Despejado,Caida,Leve,RETIRO,CALL. ALFONSO XII / CALL. CLAUDIO MOYANO
2019-06-08 14:00:00,Despejado,Caida,Leve,FUENCARRAL-EL PARDO,CALL. ARROYO DEL MONTE / PLAZA. PRADERA DEL SALCERAL
2019-06-09 22:00:00,Despejado,Colision,Leve,CENTRO,GTA. BILBAO / CALL. FUENCARRAL
2019-06-10 22:00:00,Despejado,Caida,Leve,MONCLOA-ARAVACA,AVDA. MIRAFLORES 54
2019-06-10 20:00:00,Despejado,Colision,Moderada,FUENCARRAL-EL PARDO,CALL. DOCTOR RAMON CASTROVIEJO 5
2019-06-10 10:00:00,Despejado,Caida,Leve,ARGANZUELA,CALL. SAN EPIFANIO 7
2019-06-11 20:00:00,Despejado,Colision,Moderada,VILLA DE VALLECAS,CÑADA. REAL GALIANA 4
2019-06-11 20:00:00,Despejado,Colision,Moderada,ARGANZUELA,CALL. GENERAL LACY / CALL. ANCORA
2019-06-11 15:00:00,Despejado,Colision,Leve,CIUDAD LINEAL,CALL. MARQUESA DE TORRECILLA / CALL. MISTERIOS
2019-06-12 22:00:00,Despejado,Caida,Leve,PUENTE DE VALLECAS,RONDA. SUR 129
2019-06-12 20:00:00,Despejado,Colision,Leve,CHAMBERÍ,CALL. SANTA ENGRACIA 141
2019-06-12 18:00:00,Despejado,Caida,Leve,MONCLOA-ARAVACA,CALL. IRUN / CALL. CADARSO
2019-06-13 22:00:00,Despejado,Colision,Leve,SALAMANCA,CALL. JORGE JUAN / CALL. FERNAN GONZALEZ
2019-06-13 22:00:00,Despejado,Imprudencia,Leve,CENTRO,CALL. JACOMETREZO 15
2019-06-13 22:00:00,Despejado,Imprudencia,Moderada,CENTRO,CALL. JACOMETREZO 15
2019-06-13 21:00:00,Despejado,Caida,Moderada,FUENCARRAL-EL PARDO,AVDA. MONASTERIO DE SILOS 90
2019-06-13 21:00:00,Despejado,Imprudencia,Moderada,FUENCARRAL-EL PARDO,GTA. SANTUARIO DE TISCAR
2019-06-13 11:00:00,Despejado,Otro,Leve,LATINA,CALL. MAQUEDA 66
2019-06-13 09:00:00,Despejado,Colision,Leve,RETIRO,PASEO. PRADO / CALL. ALCALA
2019-06-15 00:00:00,Despejado,Caida,Leve,ARGANZUELA,PASEO. VIRGEN DEL PUERTO 45
2019-06-14 11:00:00,Despejado,Colision,Leve,FUENCARRAL-EL PARDO,"AUTOV. M-607, +01500E"
2019-06-14 11:00:00,Despejado,Colision,Leve,FUENCARRAL-EL PARDO,"AUTOV. M-607, +01500E"
2019-06-14 09:00:00,Despejado,Colision,Moderada,PUENTE DE VALLECAS,"CALL. EMBAJADORES, 330  FRENTE ENTRADA CAJA MÁGIA"
2019-06-14 09:00:00,Despejado,Colision,Leve,USERA,PLAZA. ELIPTICA 1
2019-06-14 00:00:00,Despejado,Colision,Moderada,CHAMBERÍ,GTA. RUIZ JIMENEZ / CALL. SAN BERNARDO
2019-06-15 17:00:00,Despejado,Caida,Leve,CHAMBERÍ,PASEO. GENERAL MARTINEZ CAMPOS 53
2019-06-15 12:00:00,Despejado,Caida,Moderada,LATINA,CALL. VILLAVICIOSA 36
2019-06-15 04:00:00,Despejado,Caida,Leve,CHAMBERÍ,CALL. RIOS ROSAS / CALL. PONZANO
2019-06-16 23:00:00,Despejado,Otro,Leve,CENTRO,CALL. SEGOVIA / RONDA. SEGOVIA
2019-06-17 21:00:00,Despejado,Colision,Leve,FUENCARRAL-EL PARDO,AVDA. BETANZOS 37
2019-06-17 11:00:00,Despejado,Imprudencia,Leve,TETUÁN,CALL. BRAVO MURILLO 226
2019-06-17 09:00:00,Despejado,Caida,Leve,CHAMBERÍ,PLAZA. SAN JUAN DE LA CRUZ / PASEO. CASTELLANA
2019-06-18 12:00:00,Despejado,Caida,Moderada,VICÁLVARO,PQUE. VALDEBERNARDO
2019-06-19 14:00:00,Despejado,Colision,Leve,FUENCARRAL-EL PARDO,AVDA. BETANZOS 22
2019-06-19 10:00:00,Despejado,Imprudencia,Leve,FUENCARRAL-EL PARDO,AVDA. MONASTERIO DE EL ESCORIAL / AVDA. SANTUARIO DE VALVERDE
2019-06-19 00:00:00,Despejado,Colision,Leve,ARGANZUELA,CALL. EMBAJADORES / CALL. LABRADORES
2019-06-20 17:00:00,Despejado,Imprudencia,Leve,CIUDAD LINEAL,CALL. SAN TELESFORO 13
2019-06-21 16:00:00,Despejado,Colision,Leve,CHAMBERÍ,CALL. ELOY GONZALO / CALL. SANTISIMA TRINIDAD
2019-06-21 13:00:00,Despejado,Caida,Moderada,ARGANZUELA,PASEO. JUAN ANTONIO VALLEJO-NAJERA BOTAS 4
2019-06-21 13:00:00,Despejado,Caida,Leve,ARGANZUELA,PASEO. JUAN ANTONIO VALLEJO-NAJERA BOTAS 4
2019-06-21 01:00:00,Despejado,Colision,Leve,CENTRO,PLAZA. EMPERADOR CARLOS V 8
2019-06-22 20:00:00,Despejado,Caida,Leve,SALAMANCA,CALL. SERRANO 84
2019-06-22 20:00:00,Despejado,Caida,Leve,SALAMANCA,CALL. SERRANO 84
2019-06-22 19:00:00,Despejado,Caida,Moderada,CIUDAD LINEAL,CALL. ALCALA 317
2019-06-23 20:00:00,Despejado,Caida,Moderada,USERA,AVDA. CORDOBA 21
2019-06-23 20:00:00,Despejado,Colision,Grave,CIUDAD LINEAL,CALL. VIRGEN DE LA ALEGRIA 21
2019-06-23 18:00:00,Despejado,Colision,Leve,TETUÁN,CALL. BRAVO MURILLO 246
2019-06-23 09:00:00,Despejado,Colision,Leve,ARGANZUELA,PASEO. PONTONES / CALL. COBOS DE SEGOVIA
2019-06-23 07:00:00,Despejado,Colision,Leve,VILLA DE VALLECAS,AVENIDA DE LA GAVIA-AVENIDA DEL MAYORAZGO
2019-06-24 20:00:00,Despejado,Caida,Grave,CHAMBERÍ,CALL. RAIMUNDO FERNANDEZ VILLAVERDE 54
2019-06-25 04:00:00,Despejado,Colision,Leve,CHAMBERÍ,CALL. JOSE ABASCAL / CALL. FERNANDEZ DE LA HOZ
2019-06-26 20:00:00,Despejado,Colision,Leve,RETIRO,PLAZA. INDEPENDENCIA 8
2019-06-26 17:00:00,Despejado,Colision,Leve,RETIRO,PASEO. INFANTA ISABEL 4
2019-06-26 16:00:00,Despejado,Colision,Leve,CHAMBERÍ,CALL. CRISTOBAL BORDIU 39
2019-06-27 20:00:00,Despejado,Colision,Leve,ARGANZUELA,CALL. TOMAS BRETON 2
2019-06-27 09:00:00,Despejado,Colision,Leve,FUENCARRAL-EL PARDO,CALL. LEONOR LOPEZ DE CORDOBA / AUTOV. M-40
2019-06-28 23:00:00,Despejado,Imprudencia,Leve,USERA,CALL. MARCELO USERA 1
2019-06-28 23:00:00,Despejado,Imprudencia,Moderada,USERA,CALL. MARCELO USERA 1
2019-06-28 21:00:00,Despejado,Colision,Moderada,TETUÁN,CALL. BRAVO MURILLO 231
2019-06-28 20:00:00,Despejado,Colision,Leve,VILLA DE VALLECAS,AVDA. MAYORAZGO / CALL. CINCOVILLAS
2019-06-28 14:00:00,Despejado,Caida,Moderada,CIUDAD LINEAL,CALL. RAFAEL BERGAMIN 20A
2019-06-28 11:00:00,Despejado,Colision,Moderada,CENTRO,CALL. PUEBLA / CALL. BARCO
2019-06-28 11:00:00,Despejado,Caida,Moderada,CENTRO,CALL. SAN BERNARDO 83
2019-06-29 19:00:00,Despejado,Caida,Moderada,LATINA,PQUE. MADRID RIO / GTA. PUENTE DE SEGOVIA
2019-06-29 17:00:00,Despejado,Imprudencia,Leve,CARABANCHEL,CALL. GENERAL RICARDOS 18
2019-06-29 17:00:00,Despejado,Imprudencia,Leve,CARABANCHEL,CALL. GENERAL RICARDOS 18
2019-06-29 08:00:00,Despejado,Colision,Leve,FUENCARRAL-EL PARDO,GTA. SANTUARIO DE TISCAR / AVDA. MONASTERIO DE EL ESCORIAL
2019-06-29 08:00:00,Despejado,Colision,Leve,FUENCARRAL-EL PARDO,GTA. SANTUARIO DE TISCAR / AVDA. MONASTERIO DE EL ESCORIAL
2019-06-30 16:00:00,Despejado,Colision,Moderada,LATINA,GTA. PUENTE DE SEGOVIA 1
2019-06-30 08:00:00,Despejado,Colision,Leve,PUENTE DE VALLECAS,IDB. PARQUE LINEAL DEL MANZANARES
2019-06-30 08:00:00,Despejado,Colision,Leve,PUENTE DE VALLECAS,IDB. PARQUE LINEAL DEL MANZANARES
2019-07-01 17:00:00,Despejado,Colision,Leve,SALAMANCA,CALL. CONDE DE PEÑALVER / CALL. HERMOSILLA
2019-07-01 15:00:00,Despejado,Caida,Leve,FUENCARRAL-EL PARDO,"AVDA. BURGOS, 89 (RECINTO ""ADEQUA"")"
2019-07-01 14:00:00,Despejado,Caida,Moderada,SALAMANCA,CALL. DIEGO DE LEON / CALL. GENERAL PARDIÑAS
2019-07-01 14:00:00,Despejado,Colision,Leve,FUENCARRAL-EL PARDO,CALL. PUERTO DE SOMPORT 8
2019-07-01 13:00:00,Despejado,Caida,Moderada,FUENCARRAL-EL PARDO,MONASTERIO DE SILOS - GO FIT - FAROLA 268
2019-07-01 09:00:00,Despejado,Colision,Leve,CENTRO,CALL. FUENCARRAL / GTA. BILBAO
2019-07-02 20:00:00,Despejado,Caida,Moderada,FUENCARRAL-EL PARDO,"CALL. MONASTERIO DE OSEIRA, 17B (ANILLO VERDE, 58)"
2019-07-02 09:00:00,Despejado,Imprudencia,Leve,MONCLOA-ARAVACA,CTRA. RODAJOS 2
2019-07-02 09:00:00,Despejado,Imprudencia,Leve,MONCLOA-ARAVACA,CTRA. RODAJOS 2
2019-07-03 22:00:00,Despejado,Caida,Leve,CIUDAD LINEAL,AVDA. MARQUES DE CORBERA / CALL. POETA BLAS DE OTERO
2019-07-03 11:00:00,Despejado,Colision,Leve,CENTRO,CALL. TORRECILLA DEL LEAL / CALL. OLMO
2019-07-04 23:00:00,Despejado,Colision,Leve,USERA,AVDA. POBLADOS / AVDA. ORCASUR
2019-07-04 21:00:00,Despejado,Colision,Leve,SALAMANCA,CALL. CLAUDIO COELLO 14
2019-07-04 20:00:00,Despejado,Caida,Leve,CENTRO,CALL. BARCELO 5
2019-07-04 04:00:00,Despejado,Otro,Leve,CENTRO,CALL. ALCALA 15
2019-07-04 04:00:00,Despejado,Otro,Leve,CENTRO,CALL. ALCALA 15
2019-07-04 01:00:00,Despejado,Colision,Leve,CENTRO,CALL. CASINO / CALL. SANTIAGO EL VERDE
2019-07-05 21:00:00,Despejado,Caida,Leve,BARAJAS,CALL. PLAYA DE LA CALETA 13
2019-07-05 20:00:00,Despejado,Colision,Leve,TETUÁN,CALL. MULLER / CALL. AZUCENAS
2019-07-05 10:00:00,Despejado,Caida,Leve,MONCLOA-ARAVACA,PUERTA PRINCIPAL ZOO
2019-07-05 01:00:00,Despejado,Colision,Leve,RETIRO,AVDA. MENENDEZ PELAYO / CALL. O'DONNELL
2019-07-06 16:00:00,Despejado,Imprudencia,Leve,CENTRO,CUSTA. SAN VICENTE 1
2019-07-06 16:00:00,Despejado,Imprudencia,Leve,CENTRO,CUSTA. SAN VICENTE 1
2019-07-06 09:00:00,Despejado,Colision,Leve,CARABANCHEL,CMNO. CRUCES / POLIG. ALUCHE-AVENIDA DE LOS POBLADOS
2019-07-06 09:00:00,Despejado,Caida,Moderada,CENTRO,HORTALEZA
2019-07-06 03:00:00,Despejado,Caida,Leve,CHAMBERÍ,CALL. JOSE ABASCAL 50
2019-07-07 20:00:00,Despejado,Caida,Leve,CHAMBERÍ,CALL. BRETON DE LOS HERREROS / CALL. PONZANO
2019-07-07 20:00:00,Despejado,Imprudencia,Moderada,RETIRO,CALL. CERRO DE LA PLATA 15
2019-07-08 16:00:00,Despejado,Caida,Moderada,RETIRO,PASEO. FERNAN NUÑEZ 2
2019-07-08 14:00:00,Despejado,Colision,Leve,CENTRO,CALL. SEGOVIA 8
2019-07-08 11:00:00,Despejado,Colision,Leve,SALAMANCA,CALL. SERRANO / CALL. MARIA DE MOLINA
2019-07-08 08:00:00,Despejado,Colision,Moderada,VILLAVERDE,AVDA. LOS ROSALES 200
2019-07-09 15:00:00,Despejado,Colision,Leve,CHAMARTÍN,CALL. RODRIGUEZ MARIN 66
2019-07-09 11:00:00,Despejado,Colision,Leve,TETUÁN,CALL. RAIMUNDO FERNANDEZ VILLAVERDE 67
2019-07-10 18:00:00,Despejado,Colision,Fallecido,VILLA DE VALLECAS,AVDA. CARTAGENA DE INDIAS / CALL. ISLAS VISAYAS
2019-07-10 10:00:00,Despejado,Colision,Leve,SAN BLAS-CANILLEJAS,CRUCE C/ALCALA CON C/ TAMPICO
2019-07-11 09:00:00,Despejado,Colision,Leve,VILLAVERDE,AV. ROSALES CON ROTONDA M-40
2019-07-12 14:00:00,Despejado,Colision,Leve,VILLAVERDE,CALL. RESINA 4
2019-07-13 22:00:00,Despejado,Imprudencia,Leve,CARABANCHEL,AVDA. MANZANARES / PQUE. MADRID RIO
2019-07-13 22:00:00,Despejado,Imprudencia,Moderada,CARABANCHEL,AVDA. MANZANARES / PQUE. MADRID RIO
2019-07-13 15:00:00,Despejado,Caida,Leve,SALAMANCA,CALL. MONTESA / CALL. JOSE ORTEGA Y GASSET
2019-07-14 22:00:00,Despejado,Colision,Leve,PUENTE DE VALLECAS,AVDA. ENTREVIAS / CALL. MENDEZ ALVARO
2019-07-14 16:00:00,Despejado,Caida,Leve,CARABANCHEL,CALL. GENERAL RICARDOS / CALL. NUESTRA SEÑORA DE LA LUZ
2019-07-14 13:00:00,Despejado,Imprudencia,Leve,RETIRO,PASEO. FERNAN NUÑEZ 1
2019-07-14 13:00:00,Despejado,Imprudencia,Leve,RETIRO,PASEO. FERNAN NUÑEZ 1
2019-07-14 10:00:00,Despejado,Colision,Leve,PUENTE DE VALLECAS,CALL. MARTINEZ DE LA RIVA / CALL. CACHERO
2019-07-15 19:00:00,Despejado,Caida,Leve,RETIRO,CALL. O'DONNELL 18
2019-07-15 17:00:00,Despejado,Colision,Moderada,PUENTE DE VALLECAS,CALL. HERMANOS CARPI / AVDA. PEÑA PRIETA
2019-07-16 19:00:00,Despejado,Caida,Moderada,CENTRO,CALL. ARGANZUELA 16
2019-07-17 22:00:00,Despejado,Caida,Leve,CENTRO,CALL. GRAN VIA / CALL. CLAVEL
2019-07-17 20:00:00,Despejado,Imprudencia,Leve,LATINA,"PQUE. MADRID RIO, +00300E"
2019-07-17 20:00:00,Despejado,Imprudencia,Leve,LATINA,"PQUE. MADRID RIO, +00300E"
2019-07-17 19:00:00,Despejado,Colision,Leve,ARGANZUELA,PASEO. DELICIAS 59
2019-07-17 12:00:00,Despejado,Colision,Leve,PUENTE DE VALLECAS,AVDA. ALBUFERA / CALL. JOSE PAULETE
2019-07-17 10:00:00,Despejado,Colision,Leve,CHAMARTÍN,PASEO. CASTELLANA 170
2019-07-18 21:00:00,Despejado,Caida,Leve,MONCLOA-ARAVACA,CALL. MARQUES DE URQUIJO / CALL. FERRAZ
2019-07-18 19:00:00,Despejado,Caida,Leve,CENTRO,CUSTA. VEGA 3
2019-07-18 18:00:00,Despejado,Caida,Leve,SALAMANCA,CALLE GOYA CON CALLE GENERAL PARDIÑAS
2019-07-20 15:00:00,Despejado,Caida,Leve,CENTRO,FRENTE FAROLA Nº 6
2019-07-20 14:00:00,Despejado,Imprudencia,Leve,CARABANCHEL,CARABANCHEL BAJO FAROLA 10
2019-07-21 22:00:00,Despejado,Caida,Moderada,RETIRO,CALL. DOCTOR ESQUERDO 64
2019-07-21 21:00:00,Despejado,Imprudencia,Leve,CENTRO,CALL. FUENCARRAL 16
2019-07-21 21:00:00,Despejado,Imprudencia,Leve,CENTRO,CALL. FUENCARRAL 16
2019-07-21 12:00:00,Despejado,Caida,Leve,VILLA DE VALLECAS,CALL. PUERTO DE PORZUNA / CALL. CABEZA MESADA
2019-07-22 20:00:00,Despejado,Caida,Moderada,CENTRO,PASEO. RECOLETOS 13
2019-07-22 19:00:00,Despejado,Caida,Moderada,CENTRO,CUSTA. VEGA 1
2019-07-22 08:00:00,Niebla,Caida,Leve,TETUÁN,CALL. NAVARRA / CALL. PAMPLONA
2019-07-22 08:00:00,Despejado,Colision,Leve,PUENTE DE VALLECAS,CALL. MANCHA 1
2019-07-23 21:00:00,Lluvia,Caida,Moderada,SALAMANCA,GTA. EMILIO CASTELAR
2019-07-23 20:00:00,Despejado,Caida,Moderada,MONCLOA-ARAVACA,PLAZA. MORERAS 1
2019-07-23 13:00:00,Despejado,Caida,Leve,CHAMARTÍN,PASEO. CASTELLANA 86
2019-07-24 23:00:00,Despejado,Colision,Moderada,CENTRO,GTA. ATOCHA-REINA SOFIA
2019-07-25 11:00:00,Despejado,Caida,Leve,SAN BLAS-CANILLEJAS,EN CARRIL BICI
2019-07-26 22:00:00,Despejado,Colision,Moderada,TETUÁN,CALL. AZUCENAS 6
2019-07-26 13:00:00,Despejado,Colision,Leve,VICÁLVARO,AVDA. DEMOCRACIA / AUTOV. A-3
2019-07-26 12:00:00,Despejado,Colision,Leve,CHAMBERÍ,PASEO. CASTELLANA 43
2019-07-27 18:00:00,Despejado,Caida,Moderada,RETIRO,CALL. ALFONSO XII / CALL. CLAUDIO MOYANO
2019-07-28 13:00:00,Despejado,Colision,Leve,RETIRO,CALL. ALFONSO XII / CALL. CASADO DEL ALISAL
2019-07-29 13:00:00,Despejado,Colision,Leve,ARGANZUELA,CALL. MANZANARES / CALL. LINNEO
2019-07-30 23:00:00,Despejado,Caida,Leve,CENTRO,CUESTA DE LA VEGA
2019-07-30 21:00:00,Despejado,Colision,Leve,VILLA DE VALLECAS,AVDA. MEDITERRANEO / AUTOV. A-3
2019-07-30 21:00:00,Despejado,Colision,Moderada,SALAMANCA,CALL. DOCTOR ESQUERDO 9
2019-07-30 19:00:00,Despejado,Colision,Moderada,ARGANZUELA,CALL. SANTA MARIA LA REAL DE NIEVA 9
2019-07-30 19:00:00,Despejado,Colision,Leve,ARGANZUELA,CALL. SANTA MARIA LA REAL DE NIEVA 9
2019-07-30 08:00:00,Despejado,Colision,Moderada,BARAJAS,AVDA. SUR DEL AEROPUERTO DE BARAJAS / AUTOV. M-22
2019-07-31 22:00:00,Despejado,Colision,Leve,CHAMBERÍ,CALL. GENOVA / CALL. ZURBANO
2019-07-31 10:00:00,Despejado,Caida,Leve,ARGANZUELA,PASEO. SANTA MARIA DE LA CABEZA / CALL. FRAY LUIS DE LEON
2019-08-01 20:00:00,Despejado,Colision,Leve,VILLA DE VALLECAS,CMNO. POZO DEL TIO RAIMUNDO 25
2019-08-01 10:00:00,Despejado,Colision,Leve,VILLAVERDE,CALL. UNANIMIDAD / CALL. TERTULIA
2019-08-02 16:00:00,Despejado,Colision,Moderada,TETUÁN,CALL. VIA LIMITE / CALL. ALCOLEA
2019-08-02 12:00:00,Despejado,Colision,Moderada,CENTRO,CALL. MEJIA LEQUERICA / CALL. SAGASTA
2019-08-02 03:00:00,Despejado,Caida,Leve,ARGANZUELA,CALL. SEGOVIA 43
2019-08-03 04:00:00,Despejado,Caida,Leve,CENTRO,CUSTA. VEGA 3
2019-08-05 22:00:00,Despejado,Caida,Grave,LATINA,CALL. CONCEJAL FRANCISCO JOSE JIMENEZ MARTIN 66
2019-08-05 20:00:00,Despejado,Colision,Moderada,LATINA,AVDA. AVIACION / CTRA. BARRIO DE LA FORTUNA
2019-08-05 17:00:00,Despejado,Caida,Leve,CHAMARTÍN,CALL. LOPEZ DE HOYOS 100
2019-08-05 13:00:00,Despejado,Imprudencia,Leve,RETIRO,CALL. CLAUDIO MOYANO 1
2019-08-05 13:00:00,Despejado,Imprudencia,Leve,RETIRO,CALL. CLAUDIO MOYANO 1
2019-08-06 12:00:00,Despejado,Caida,Leve,VILLAVERDE,CARRIL BICI INTERIOR PARQUE LINEAL DEL MANZANARES
2019-08-06 07:00:00,Despejado,Colision,Leve,CENTRO,PASEO. PRADO / CALL. ALCALA
2019-08-07 08:00:00,Despejado,Colision,Leve,BARAJAS,CALL. FRANCISCO UMBRAL / CALL. VIA DE DUBLIN
2019-08-07 04:00:00,Despejado,Caida,Moderada,CARABANCHEL,CALL. MARAVEDI 12
2019-08-08 22:00:00,Despejado,Colision,Grave,MORATALAZ,CALL. ARROYO DE LA MEDIA LEGUA 43
2019-08-08 22:00:00,Despejado,Caida,Moderada,LATINA,AVDA. HOSPITALIDAD 3
2019-08-08 19:00:00,Despejado,Colision,Leve,VICÁLVARO,CALL. LADERA DE LOS ALMENDROS / CALL. RAYA
2019-08-08 11:00:00,Despejado,Caida,Leve,CHAMARTÍN,CTRA. COLMENAR VIEJO
2019-08-09 16:00:00,Despejado,Caida,Leve,VILLAVERDE,"CALL. SANTA ESCOLASTICA, 1 (POSTERIOR APARCAMIENTO"
2019-08-10 12:00:00,Despejado,Colision,Leve,FUENCARRAL-EL PARDO,CALL. ISABEL COLBRAND / CALL. PALAS DE REY
2019-08-14 19:00:00,Despejado,Caida,Moderada,CARABANCHEL,"ANILLO VERDE CICLISTA, PKM 32"
2019-08-15 17:00:00,Despejado,Colision,Moderada,SAN BLAS-CANILLEJAS,GLORIETA SOBRE M-40
2019-08-15 13:00:00,Despejado,Colision,Leve,SALAMANCA,CALLE ALCALA 149
2019-08-16 21:00:00,Despejado,Caida,Moderada,USERA,AVDA. MANZANARES / CALL. SAN GRACIANO
2019-08-19 19:00:00,Despejado,Colision,Leve,SALAMANCA,CALL. VELAZQUEZ 69
2019-08-19 13:00:00,Despejado,Colision,Leve,MORATALAZ,CALL. ARROYO BELINCOSO 9
2019-08-20 22:00:00,Despejado,Colision,Leve,MONCLOA-ARAVACA,CMNO. ROBLEDAL 2
2019-08-20 22:00:00,Despejado,Colision,Leve,MONCLOA-ARAVACA,CMNO. ROBLEDAL 2
2019-08-20 19:00:00,Despejado,Colision,Leve,RETIRO,PASEO. REPUBLICA DE CUBA 6
2019-08-20 19:00:00,Despejado,Colision,Leve,RETIRO,PASEO. REPUBLICA DE CUBA 6
2019-08-21 20:00:00,Despejado,Colision,Leve,SALAMANCA,CALL. PRINCIPE DE VERGARA / CALL. HERMOSILLA
2019-08-21 13:00:00,Despejado,Colision,Leve,USERA,CALL. MARCELO USERA / CALL. SAN ANTONIO DE PADUA
2019-08-22 15:00:00,Despejado,Caida,Leve,PUENTE DE VALLECAS,AVDA. PEÑA PRIETA / CALL. MENDIVIL
2019-08-22 06:00:00,Despejado,Otro,Leve,CHAMBERÍ,CALL. BRAVO MURILLO / CALL. VIRIATO
2019-08-23 14:00:00,Despejado,Colision,Moderada,USERA,AVDA. POBLADOS / AUTOV. A-42
2019-08-24 20:00:00,Despejado,Imprudencia,Leve,MONCLOA-ARAVACA,CTRA. ZARZON 6
2019-08-24 20:00:00,Despejado,Imprudencia,Leve,MONCLOA-ARAVACA,CTRA. ZARZON 6
2019-08-25 21:00:00,Despejado,Imprudencia,Leve,CARABANCHEL,PASEO. ERMITA DEL SANTO 80
2019-08-25 21:00:00,Despejado,Imprudencia,Leve,CARABANCHEL,PASEO. ERMITA DEL SANTO 80
2019-08-25 19:00:00,Despejado,Colision,Leve,SALAMANCA,CALL. SERRANO 30
2019-08-26 16:00:00,Niebla,Imprudencia,Leve,MONCLOA-ARAVACA,PASEO. CAMOENS Y VALERO 2
2019-08-27 22:00:00,Despejado,Colision,Leve,CENTRO,CALL. ATOCHA / PLAZA. EMPERADOR CARLOS V
2019-08-27 20:00:00,Despejado,Caida,Moderada,ARGANZUELA,PASEO. PONTONES / PASEO. MELANCOLICOS
2019-08-28 13:00:00,Despejado,Colision,Moderada,CHAMBERÍ,PASEO. GENERAL MARTINEZ CAMPOS 41
2019-08-28 11:00:00,Despejado,Colision,Leve,MORATALAZ,CALL. FUENTE CARRANTONA 61
2019-08-28 11:00:00,Despejado,Colision,Leve,MORATALAZ,CALL. FUENTE CARRANTONA 61
2019-08-28 10:00:00,Despejado,Colision,Leve,SALAMANCA,CALL. CONDE DE PEÑALVER 68
2019-08-29 23:00:00,Despejado,Caida,Leve,CHAMBERÍ,CALL. LUCHANA 30
2019-08-29 15:00:00,Despejado,Imprudencia,Leve,VILLAVERDE,PASEO. ALBERTO PALACIOS 11
2019-08-29 15:00:00,Despejado,Imprudencia,Leve,VILLAVERDE,PASEO. ALBERTO PALACIOS 11
2019-08-29 08:00:00,Despejado,Colision,Leve,SAN BLAS-CANILLEJAS,CALL. CAMPEZO / CALL. LAGUARDIA
2019-08-29 03:00:00,Despejado,Colision,Leve,ARGANZUELA,CALL. SEGOVIA / RONDA. SEGOVIA
2019-08-30 22:00:00,Despejado,Colision,Leve,MONCLOA-ARAVACA,CALL. PRINCESA 31
2019-08-30 17:00:00,Despejado,Imprudencia,Moderada,CENTRO,CALL. MARQUES DE CUBAS 18
2019-08-31 22:00:00,Despejado,Colision,Leve,FUENCARRAL-EL PARDO,CALL. RAMON GOMEZ DE LA SERNA 9A
2019-08-31 19:00:00,Despejado,Imprudencia,Leve,BARAJAS,"CAMINO EN ZONA DENOMIDADA COMO ""ESPACIO MÉXICO"""
2019-08-31 14:00:00,Despejado,Colision,Leve,CARABANCHEL,"AUTOV. A-42, +00500S"
2019-09-01 22:00:00,Despejado,Colision,Moderada,PUENTE DE VALLECAS,AVDA. PABLO NERUDA 58
2019-09-01 15:00:00,Despejado,Imprudencia,Leve,PUENTE DE VALLECAS,CALL. EMBAJADORES 324
2019-09-01 08:00:00,Despejado,Colision,Grave,LATINA,AVDA. NUESTRA SEÑORA DE VALVANERA 155
2019-09-02 18:00:00,Despejado,Colision,Leve,HORTALEZA,AVDA. NICETO ALCALA ZAMORA / AVDA. FRANCISCO PI Y MARGALL
2019-09-02 14:00:00,Despejado,Colision,Leve,ARGANZUELA,PASEO. DELICIAS 65A
2019-09-03 20:00:00,Despejado,Colision,Leve,USERA,CALL. RUTILO 11
2019-09-03 16:00:00,Despejado,Caida,Leve,TETUÁN,CALL. SAN GERMAN / CALL. GENERAL CABRERA
2019-09-05 00:00:00,Despejado,Otro,Moderada,CENTRO,CALL. CLAVEL / CALL. CABALLERO DE GRACIA
2019-09-04 18:00:00,Despejado,Caida,Leve,SALAMANCA,CALL. GENERAL ORAA / CALL. GENERAL PARDIÑAS
2019-09-04 16:00:00,Despejado,Colision,Leve,USERA,CALL. CAMINO VIEJO DE VILLAVERDE / CALL. UNIDAD
2019-09-04 13:00:00,Despejado,Colision,Leve,PUENTE DE VALLECAS,AVDA. ALBUFERA 144
2019-09-04 11:00:00,Despejado,Caida,Moderada,CHAMBERÍ,CALL. ALBERTO AGUILERA 16
2019-09-05 21:00:00,Despejado,Imprudencia,Leve,MORATALAZ,CALL. ARROYO DE LA MEDIA LEGUA / CALL. ALCALDE GARRIDO JUARISTI
2019-09-05 21:00:00,Despejado,Imprudencia,Leve,MORATALAZ,CALL. ARROYO DE LA MEDIA LEGUA / CALL. ALCALDE GARRIDO JUARISTI
2019-09-05 19:00:00,Despejado,Imprudencia,Leve,TETUÁN,CALL. FRANCOS RODRIGUEZ 14
2019-09-05 19:00:00,Despejado,Imprudencia,Leve,TETUÁN,CALL. FRANCOS RODRIGUEZ 14
2019-09-05 19:00:00,Despejado,Colision,Moderada,CENTRO,CALL. ALCALA / CALL. MARQUES DE CUBAS
2019-09-05 18:00:00,Despejado,Colision,Moderada,CIUDAD LINEAL,CALL. ARTURO SORIA / CALL. ASUNCION PEREZ VIZCAINO
2019-09-06 14:00:00,Despejado,Colision,Moderada,CARABANCHEL,AVDA. POBLADOS / AUTOV. A-42
2019-09-07 13:00:00,Despejado,Colision,Leve,RETIRO,PASEO. INFANTA ISABEL / ESTFE. ATOCHA
2019-09-07 12:00:00,Despejado,Colision,Leve,ARGANZUELA,CALL. EMBAJADORES 216
2019-09-07 06:00:00,Despejado,Caida,Moderada,CENTRO,CALL. SEGOVIA 29
2019-09-08 21:00:00,Despejado,Caida,Leve,MONCLOA-ARAVACA,CALL. IRUN / CALL. CADARSO
2019-09-08 12:00:00,Despejado,Imprudencia,Leve,CARABANCHEL,PARQUE LINEAL DEL MANZANARES
2019-09-08 12:00:00,Despejado,Imprudencia,Leve,CARABANCHEL,PARQUE LINEAL DEL MANZANARES
2019-09-09 19:00:00,Despejado,Imprudencia,Leve,CENTRO,PLAZA DE ORIENTE
2019-09-09 19:00:00,Despejado,Imprudencia,Moderada,CENTRO,PLAZA DE ORIENTE
2019-09-09 13:00:00,Despejado,Otro,Leve,PUENTE DE VALLECAS,IDB. PARQUE LINEAL DEL MANZANARES
2019-09-09 13:00:00,Despejado,Imprudencia,Leve,SALAMANCA,CALL. DON RAMON DE LA CRUZ 91
2019-09-09 13:00:00,Despejado,Imprudencia,Leve,SALAMANCA,CALL. DON RAMON DE LA CRUZ 91
2019-09-09 07:00:00,Despejado,Colision,Leve,USERA,AVDA. SAN FERMIN / AVDA. PERLA
2019-09-10 22:00:00,Despejado,Colision,Moderada,CHAMBERÍ,PASEO. CASTELLANA 63
2019-09-10 16:00:00,Despejado,Colision,Leve,CHAMARTÍN,CALL. PRINCIPE DE VERGARA 132
2019-09-10 14:00:00,Despejado,Caida,Leve,CHAMARTÍN,PLAZA. SAGRADOS CORAZONES / AVDA. CONCHA ESPINA
2019-09-10 13:00:00,Despejado,Colision,Moderada,MONCLOA-ARAVACA,CUSTA. SAN VICENTE / GTA. SAN VICENTE
2019-09-10 07:00:00,Despejado,Colision,Moderada,HORTALEZA,AVDA. NICETO ALCALA ZAMORA 4
2019-09-11 17:00:00,Despejado,Caida,Leve,HORTALEZA,CALL. MESENA 112
2019-09-11 08:00:00,Despejado,Colision,Leve,CENTRO,CALL. CORREO / PLAZA. PUERTA DEL SOL
2019-09-12 22:00:00,Despejado,Caida,Leve,HORTALEZA,PASEO DE MIGUELA DEL BURGO (FRENTE CASANARE 6)
2019-09-12 20:00:00,Despejado,Colision,Leve,HORTALEZA,AVDA. NICETO ALCALA ZAMORA / AUTOV. M-11
2019-09-12 13:00:00,Despejado,Caida,Leve,SALAMANCA,CALL. ALCALA 59
2019-09-12 12:00:00,Despejado,Imprudencia,Leve,CIUDAD LINEAL,SAN MAXIMILIANO 49
2019-09-12 12:00:00,Despejado,Imprudencia,Moderada,CIUDAD LINEAL,SAN MAXIMILIANO 49
2019-09-12 11:00:00,Despejado,Imprudencia,Leve,HORTALEZA,CALL. CARRION DE LOS CONDES 73
2019-09-12 11:00:00,Despejado,Imprudencia,Moderada,HORTALEZA,CALL. CARRION DE LOS CONDES 73
2019-09-13 15:00:00,Lluvia,Caida,Moderada,CENTRO,CALL. LOPE DE VEGA / PASEO. PRADO
2019-09-14 16:00:00,Lluvia,Caida,Leve,CHAMBERÍ,CALL. LUCHANA 25
2019-09-14 12:00:00,Niebla,Caida,Leve,VILLA DE VALLECAS,CALL. CERRO DEL MURMULLO 13
2019-09-14 12:00:00,Despejado,Imprudencia,Leve,RETIRO,GTA. ANGEL CAIDO / CALL. FERNAN NUÑEZ
2019-09-14 12:00:00,Despejado,Imprudencia,Leve,RETIRO,GTA. ANGEL CAIDO / CALL. FERNAN NUÑEZ
2019-09-14 02:00:00,Despejado,Caida,Leve,SALAMANCA,CALL. ALCALA 70
2019-09-15 22:00:00,Despejado,Caida,Moderada,CENTRO,PTA. TOLEDO / AVDA. GRAN VIA DE SAN FRANCISCO
2019-09-15 09:00:00,Despejado,Colision,Leve,TETUÁN,CALL. SAN BENITO 35
2019-09-16 17:00:00,Despejado,Colision,Leve,SALAMANCA,CALL. ALCALA / CALL. VELAZQUEZ
2019-09-16 16:00:00,Despejado,Otro,Leve,MONCLOA-ARAVACA,PASEO. FLORIDA 13
2019-09-17 23:00:00,Despejado,Colision,Leve,CHAMBERÍ,CALL. JOSE ABASCAL 31
2019-09-17 20:00:00,Despejado,Imprudencia,Leve,MORATALAZ,CALL. MARROQUINA 5
2019-09-17 20:00:00,Despejado,Imprudencia,Leve,MORATALAZ,CALL. MARROQUINA 5
2019-09-17 10:00:00,Despejado,Colision,Leve,ARGANZUELA,PASEO. VIRGEN DEL PUERTO / PASEO. VIRGEN DEL PUERTO
2019-09-18 20:00:00,Despejado,Colision,Leve,HORTALEZA,CALL. DULCE CHACON / AVDA. INGENIERO EMILIO HERRERA
2019-09-18 18:00:00,Despejado,Colision,Moderada,RETIRO,CALL. DOCTOR ESQUERDO 157
2019-09-18 17:00:00,Despejado,Caida,Leve,USERA,CALL. MATILDE GAYO 19
2019-09-18 15:00:00,Despejado,Imprudencia,Leve,CENTRO,CALL. MAYOR 26
2019-09-18 15:00:00,Despejado,Imprudencia,Moderada,CENTRO,CALL. MAYOR 26
2019-09-18 10:00:00,Despejado,Colision,Leve,PUENTE DE VALLECAS,PLAZA DEL CINE CALLE VIRIDIANA
2019-09-19 18:00:00,Despejado,Colision,Leve,TETUÁN,AVENIDA GENERAL PERÓN CON C/ ORENSE
2019-09-19 17:00:00,Despejado,Colision,Leve,CENTRO,CALL. GRAN VIA / PLAZA. CALLAO
2019-09-19 13:00:00,Despejado,Colision,Moderada,PUENTE DE VALLECAS,AVDA. ENTREVIAS / CALL. PADRE LLANOS
2019-09-19 13:00:00,Despejado,Colision,Leve,PUENTE DE VALLECAS,AVDA. ENTREVIAS / CALL. PADRE LLANOS
2019-09-19 11:00:00,Despejado,Imprudencia,Leve,ARGANZUELA,PASEO. ACACIAS 3
2019-09-19 11:00:00,Despejado,Imprudencia,Leve,ARGANZUELA,PASEO. ACACIAS 3
2019-09-20 22:00:00,Lluvia,Colision,Leve,CHAMBERÍ,CALL. MODESTO LAFUENTE / CALL. MARIA DE GUZMAN
2019-09-21 14:00:00,Despejado,Colision,Moderada,TETUÁN,CALL. BRAVO MURILLO / CALL. LOPE DE HARO
2019-09-21 12:00:00,Despejado,Caida,Leve,FUENCARRAL-EL PARDO,CARRETERA DE FUENCARRAL A ALCOBENDAS KM-0 500
2019-09-22 12:00:00,Despejado,Colision,Moderada,CENTRO,CALL. SAGASTA / CALL. MEJIA LEQUERICA
2019-09-23 22:00:00,Despejado,Caida,Leve,MONCLOA-ARAVACA,CALL. PRINCESA / CALL. MARQUES DE URQUIJO
2019-09-23 22:00:00,Despejado,Caida,Leve,MONCLOA-ARAVACA,CALL. PRINCESA / CALL. MARQUES DE URQUIJO
2019-09-23 21:00:00,Despejado,Colision,Leve,ARGANZUELA,"PQUE. MADRID RIO, FAROLA 26-10"
2019-09-23 21:00:00,Despejado,Caida,Moderada,MORATALAZ,CALL. HACIENDA DE PAVONES / CALL. BRUJAS
2019-09-23 19:00:00,Despejado,Caida,Moderada,MONCLOA-ARAVACA,ENTRE FAROLAS Nº 6 Y 7
2019-09-23 18:00:00,Despejado,Colision,Leve,CHAMBERÍ,PLAZA. ALONSO MARTINEZ 7
2019-09-23 18:00:00,Despejado,Imprudencia,Leve,CENTRO,PLAZA. PUERTA DEL SOL 6
2019-09-23 18:00:00,Despejado,Imprudencia,Leve,CENTRO,PLAZA. PUERTA DEL SOL 6
2019-09-24 21:00:00,Despejado,Caida,Leve,MONCLOA-ARAVACA,CMNO. ROBLEDAL / CTRA. TELEFERICO
2019-09-24 20:00:00,Despejado,Colision,Leve,MORATALAZ,CALL. FUENTE CARRANTONA 61
2019-09-24 20:00:00,Despejado,Colision,Leve,MORATALAZ,CALL. FUENTE CARRANTONA 61
2019-09-24 14:00:00,Despejado,Colision,Leve,CHAMBERÍ,PASEO. CASTELLANA 63
2019-09-25 22:00:00,Despejado,Colision,Leve,CHAMARTÍN,PASEO. CASTELLANA 184
2019-09-27 00:00:00,Despejado,Colision,Leve,CENTRO,PLAZA. EMPERADOR CARLOS V / RONDA. ATOCHA
2019-09-26 22:00:00,Despejado,Colision,Leve,ARGANZUELA,PASEO. DELICIAS 95
2019-09-26 14:00:00,Despejado,Colision,Leve,SALAMANCA,CALL. SERRANO 29
2019-09-26 09:00:00,Despejado,Colision,Leve,TETUÁN,AVDA. GENERAL PERON / CALL. JULIAN BESTEIRO
2019-09-27 23:00:00,Despejado,Colision,Leve,ARGANZUELA,PASEO. CHOPERA 10
2019-09-27 20:00:00,Despejado,Imprudencia,Leve,RETIRO,CALL. O'DONNELL 52
2019-09-27 20:00:00,Despejado,Imprudencia,Leve,RETIRO,CALL. O'DONNELL 52
2019-09-27 16:00:00,Despejado,Colision,Leve,ARGANZUELA,PASEO. SANTA MARIA DE LA CABEZA 42
2019-09-27 13:00:00,Despejado,Colision,Moderada,CENTRO,PASEO. BAJO DE LA VIRGEN DEL PUERTO / FRENTE JARDINES DEL MORO
2019-09-27 11:00:00,Despejado,Colision,Grave,VILLAVERDE,CALL. LAS NAVAS DE BUITRAGO / CALL. BERZOSA DE LOZOYA
2019-09-28 15:00:00,Despejado,Colision,Leve,CARABANCHEL,CALL. ANTONIO DE LEYVA / PLAZA. ELIPTICA
2019-09-28 14:00:00,Despejado,Caida,Leve,MONCLOA-ARAVACA,CTRA. ZARZON 6
2019-09-28 13:00:00,Despejado,Colision,Leve,MONCLOA-ARAVACA,CMNO. ROBLEDAL 2
2019-09-28 13:00:00,Despejado,Colision,Leve,MONCLOA-ARAVACA,CMNO. ROBLEDAL 2
2019-09-29 22:00:00,Despejado,Caida,Moderada,SALAMANCA,AVDA. AMERICA 12
2019-09-29 21:00:00,Despejado,Caida,Leve,CHAMARTÍN,CALL. CARTAGENA 124
2019-09-29 21:00:00,Despejado,Caida,Leve,CENTRO,RONDA. ATOCHA 8
2019-09-29 16:00:00,Despejado,Colision,Moderada,SALAMANCA,CALL. ALCALA / CALL. ALEJANDRO GONZALEZ
2019-09-29 12:00:00,Despejado,Colision,Leve,RETIRO,PASEO. FERNAN NUÑEZ / PASEO. REPUBLICA DE CUBA
2019-09-29 12:00:00,Despejado,Colision,Leve,RETIRO,PASEO. FERNAN NUÑEZ / PASEO. REPUBLICA DE CUBA
2019-09-29 06:00:00,Despejado,Caida,Moderada,CENTRO,CALLE GRAN VIA 72
2019-09-30 23:00:00,Despejado,Caida,Moderada,CHAMBERÍ,CALL. GENOVA / CALL. ARGENSOLA
2019-09-30 16:00:00,Despejado,Caida,Leve,CHAMBERÍ,CALL. DONOSO CORTES / CALL. ANDRES MELLADO
2019-09-30 14:00:00,Despejado,Colision,Leve,VILLA DE VALLECAS,AVDA. CERRO MILANO / CALL. ENTREPEÑAS
2019-09-30 10:00:00,Despejado,Colision,Moderada,SALAMANCA,PASEO. CASTELLANA 10
2019-10-01 21:00:00,Despejado,Colision,Moderada,SALAMANCA,GTA. EMILIO CASTELAR / CALL. GENERAL ORAA
2019-10-01 20:00:00,Despejado,Imprudencia,Leve,CIUDAD LINEAL,CALL. AMOS DE ESCALANTE 12
2019-10-01 20:00:00,Despejado,Imprudencia,Grave,CIUDAD LINEAL,CALL. AMOS DE ESCALANTE 12
2019-10-01 19:00:00,Despejado,Colision,Moderada,ARGANZUELA,CALL. EMBAJADORES 126
2019-10-01 19:00:00,Despejado,Colision,Leve,ARGANZUELA,CALL. EMBAJADORES 126
2019-10-01 14:00:00,Despejado,Colision,Leve,USERA,AVDA. POBLADOS / CALL. GUETARIA
2019-10-01 08:00:00,Despejado,Caida,Leve,ARGANZUELA,CALL. TERESA LOPEZ VALCARCEL 19
2019-10-02 23:00:00,Despejado,Colision,Leve,MONCLOA-ARAVACA,CALL. ARQUITECTO SANCHEZ ARCAS 3
2019-10-02 21:00:00,Despejado,Colision,Leve,LATINA,CALL. FLAUTAS / CALL. CLARINETES
2019-10-02 21:00:00,Despejado,Caida,Moderada,LATINA,CALL. GUAREÑA / PLAZA. DISTRITO LATINA
2019-10-02 20:00:00,Despejado,Caida,Leve,CARABANCHEL,CALL. CALDERILLA 1
2019-10-02 19:00:00,Despejado,Colision,Leve,SALAMANCA,CALL. ARMADA ESPAÑOLA / PASEO. CASTELLANA
2019-10-02 16:00:00,Despejado,Caida,Moderada,SALAMANCA,CALL. NUÑEZ DE BALBOA / CALL. JOSE ORTEGA Y GASSET
2019-10-02 15:00:00,Despejado,Imprudencia,Leve,TETUÁN,CALL. CARNICER 11
2019-10-02 15:00:00,Despejado,Imprudencia,Leve,TETUÁN,CALL. CARNICER 11
2019-10-02 12:00:00,Despejado,Caida,Moderada,CENTRO,CALL. DOCTOR CORTEZO 1
2019-10-02 10:00:00,Despejado,Colision,Moderada,MORATALAZ,CALL. CAMINO DE LOS VINATEROS 65
2019-10-03 21:00:00,Despejado,Caida,Leve,CENTRO,PLAZA. PUERTA DEL SOL / CALL. CARRETAS
2019-10-03 14:00:00,Despejado,Colision,Leve,CHAMBERÍ,CALL. SANTA ENGRACIA 73
2019-10-03 14:00:00,Despejado,Colision,Leve,CHAMBERÍ,CALL. SANTA ENGRACIA 73
2019-10-03 10:00:00,Despejado,Caida,Moderada,TETUÁN,MINISTERIO DE DEFENSA
2019-10-03 09:00:00,Despejado,Colision,Leve,CARABANCHEL,AVDA. OPORTO / CALL. CAMINO VIEJO DE LEGANES
2019-10-04 20:00:00,Despejado,Caida,Leve,SAN BLAS-CANILLEJAS,CALL. ALCALA 426
2019-10-04 17:00:00,Despejado,Imprudencia,Leve,LATINA,CALL. CARABIAS 1
2019-10-04 17:00:00,Despejado,Imprudencia,Moderada,LATINA,CALL. CARABIAS 1
2019-10-04 10:00:00,Despejado,Otro,Leve,RETIRO,CALL. ALCALA / PLAZA. CIBELES
2019-10-04 09:00:00,Despejado,Colision,Moderada,PUENTE DE VALLECAS,CALL. PUERTO DE BALBARAN 121
2019-10-04 00:00:00,Despejado,Colision,Leve,ARGANZUELA,PASEO. ESPERANZA / PASEO. ESPERANZA
2019-10-05 21:00:00,Despejado,Caida,Moderada,USERA,AVDA. ANDALUCIA 1
2019-10-05 19:00:00,Despejado,Caida,Leve,CHAMBERÍ,CALL. ALBERTO AGUILERA 46
2019-10-05 16:00:00,Despejado,Caida,Moderada,FUENCARRAL-EL PARDO,GTA. SANTUARIO DE TISCAR
2019-10-05 11:00:00,Despejado,Caida,Moderada,HORTALEZA,CALL. SANTA SUSANA 55
2019-10-05 07:00:00,Despejado,Colision,Leve,FUENCARRAL-EL PARDO,CALL. ARZOBISPO MORCILLO 40
2019-10-05 02:00:00,Despejado,Imprudencia,Leve,ARGANZUELA,GTA. SANTA MARIA DE LA CABEZA / GTA. SANTA MARIA DE LA CABEZA
2019-10-05 02:00:00,Despejado,Imprudencia,Leve,ARGANZUELA,GTA. SANTA MARIA DE LA CABEZA / GTA. SANTA MARIA DE LA CABEZA
2019-10-06 17:00:00,Despejado,Imprudencia,Leve,SALAMANCA,CALL. GOYA / CALL. SERRANO
2019-10-06 17:00:00,Despejado,Imprudencia,Leve,SALAMANCA,CALL. GOYA / CALL. SERRANO
2019-10-07 22:00:00,Despejado,Caida,Moderada,CENTRO,CALL. ALCALA 5
2019-10-07 17:00:00,Despejado,Caida,Leve,SALAMANCA,CALL. MARTINEZ IZQUIERDO 44
2019-10-07 17:00:00,Despejado,Colision,Leve,CENTRO,CALL. PALMA / CALL. SAN BERNARDO
2019-10-07 10:00:00,Despejado,Colision,Leve,HORTALEZA,CALL. AREQUIPA 2
2019-10-08 12:00:00,Despejado,Colision,Grave,ARGANZUELA,PASEO. YESERIAS 51
2019-10-09 21:00:00,Despejado,Colision,Leve,MORATALAZ,CALL. CAMINO DE LOS VINATEROS / CALL. CORREGIDOR SEÑOR DE LA ELIPA
2019-10-09 20:00:00,Despejado,Colision,Leve,LATINA,CALL. ESCALONA 48
2019-10-09 15:00:00,Despejado,Colision,Leve,SALAMANCA,CALL. MARIA DE MOLINA / CALL. PRINCIPE DE VERGARA
2019-10-10 21:00:00,Despejado,Colision,Leve,MORATALAZ,CALL. CAMINO DE LOS VINATEROS / CALL. ARROYO DE LA MEDIA LEGUA
2019-10-10 18:00:00,Despejado,Colision,Leve,SALAMANCA,CALL. ALCALA 231
2019-10-11 08:00:00,Despejado,Colision,Leve,CHAMARTÍN,CALL. LOPEZ DE HOYOS / CALL. CARTAGENA
2019-10-12 14:00:00,Despejado,Colision,Leve,CIUDAD LINEAL,CALL. VIRGEN DE LA ALEGRIA 4
2019-10-12 01:00:00,Despejado,Colision,Moderada,RETIRO,CALL. ALFONSO XII 60
2019-10-14 21:00:00,Lluvia,Caida,Leve,SALAMANCA,CALL. JOSE ORTEGA Y GASSET / PLAZA. MARQUES DE SALAMANCA
2019-10-14 10:00:00,Despejado,Colision,Moderada,CENTRO,PLAZA. PUERTA CERRADA 12
2019-10-14 10:00:00,Despejado,Caida,Moderada,RETIRO,CALL. SAMARIA / AVDA. NAZARET
2019-10-14 08:00:00,Lluvia,Colision,Leve,USERA,CALL. EVANGELIOS / CALL. OLVIDO
2019-10-15 21:00:00,Despejado,Colision,Leve,CHAMARTÍN,CALL. ENRIQUE LARRETA 7
2019-10-15 19:00:00,Despejado,Colision,Leve,CHAMBERÍ,CALL. SAGASTA / CALL. FRANCISCO DE ROJAS
2019-10-15 18:00:00,Despejado,Colision,Leve,CHAMARTÍN,PASEO. LA HABANA 144A
2019-10-15 17:00:00,Despejado,Caida,Leve,CIUDAD LINEAL,CALL. CYESA 3
2019-10-16 23:00:00,Despejado,Colision,Leve,SALAMANCA,CALL. DUQUE DE SESTO 7
2019-10-16 22:00:00,Despejado,Colision,Grave,CENTRO,GTA. RUIZ JIMENEZ / CALL. ALBERTO AGUILERA
2019-10-16 09:00:00,Despejado,Caida,Leve,ARGANZUELA,CALL. JUAN DE MARIANA 15
2019-10-16 09:00:00,Despejado,Caida,Leve,ARGANZUELA,CALL. JUAN DE MARIANA 15
2019-10-17 23:00:00,Despejado,Colision,Leve,CENTRO,CALL. GRAN VIA 46
2019-10-17 20:00:00,Despejado,Caida,Leve,CHAMARTÍN,CALL. AGUSTIN DE FOXA 58
2019-10-17 16:00:00,Despejado,Colision,Leve,CENTRO,PASEO. RECOLETOS 7
2019-10-17 16:00:00,Despejado,Caida,Leve,USERA,CALL. EVANGELIOS 1
2019-10-17 15:00:00,Niebla,Colision,Leve,CENTRO,CALL. SAN BERNARDO 27
2019-10-17 07:00:00,Lluvia,Colision,Leve,MORATALAZ,AVDA. MORATALAZ / PLAZA. CORREGIDOR ALONSO DE AGUILAR
2019-10-18 15:00:00,Despejado,Colision,Leve,SALAMANCA,CALL. SERRANO 1
2019-10-18 09:00:00,Despejado,Caida,Leve,MONCLOA-ARAVACA,CALL. PRINCESA 92
2019-10-18 08:00:00,Lluvia,Caida,Leve,TETUÁN,CALL. BRAVO MURILLO 133
2019-10-20 14:00:00,Niebla,Colision,Leve,CENTRO,TRVA. SAN MATEO / CALL. HORTALEZA
2019-10-20 14:00:00,Lluvia,Colision,Leve,TETUÁN,CALL. ORENSE 18
2019-10-20 13:00:00,Niebla,Caida,Leve,SAN BLAS-CANILLEJAS,AVDA. CANILLEJAS A VICALVARO / CALL. SANTA TECLA
2019-10-20 11:00:00,Despejado,Colision,Leve,LATINA,CALL. ANTONIA CALVO / CALL. ALHAMBRA
2019-10-21 15:00:00,Despejado,Imprudencia,Leve,RETIRO,CALL. O'DONNELL / AVDA. MENENDEZ PELAYO
2019-10-21 15:00:00,Despejado,Imprudencia,Leve,RETIRO,CALL. O'DONNELL / AVDA. MENENDEZ PELAYO
2019-10-21 14:00:00,Despejado,Colision,Leve,TETUÁN,CALL. BRAVO MURILLO 155
2019-10-22 22:00:00,Lluvia,Colision,Leve,CHAMBERÍ,CALL. FUENCARRAL 134
2019-10-22 20:00:00,Lluvia,Colision,Moderada,TETUÁN,CALL. BRAVO MURILLO 120
2019-10-22 20:00:00,Lluvia,Colision,Leve,CENTRO,PASEO. PRADO 14
2019-10-22 20:00:00,Lluvia,Colision,Leve,SAN BLAS-CANILLEJAS,PLAZA. CRONOS / CALL. INOCENTA DE MESA
2019-10-22 09:00:00,Despejado,Caida,Leve,FUENCARRAL-EL PARDO,CALL. JUANITA CRUZ / CALL. GLORIA FUERTES
2019-10-23 20:00:00,Despejado,Colision,Leve,CARABANCHEL,AVDA. POBLADOS / CALL. CERILLERAS
2019-10-23 11:00:00,Lluvia,Caida,Leve,CHAMBERÍ,CALL. FERNANDEZ DE LA HOZ / CALL. GENERAL ARRANDO
2019-10-23 11:00:00,Lluvia,Caida,Leve,CHAMBERÍ,CALL. FERNANDEZ DE LA HOZ / CALL. GENERAL ARRANDO
2019-10-25 09:00:00,Despejado,Caida,Leve,CENTRO,CALL. ALCALA / CALL. MARQUES DE CUBAS
2019-10-26 17:00:00,Despejado,Caida,Leve,SAN BLAS-CANILLEJAS,AVDA. CANILLEJAS A VICALVARO / CALL. SANTA TECLA
2019-10-26 10:00:00,Despejado,Colision,Leve,SALAMANCA,CALL. DIEGO DE LEON / CALL. PRINCIPE DE VERGARA
2019-10-26 04:00:00,Despejado,Caida,Moderada,CHAMBERÍ,CALL. ELOY GONZALO 33
2019-10-26 02:00:00,Despejado,Caida,Moderada,RETIRO,AVDA. CIUDAD DE BARCELONA / CALL. DOCTOR ESQUERDO
2019-10-27 22:00:00,Despejado,Caida,Leve,CHAMARTÍN,CALL. LOPEZ DE HOYOS 66
2019-10-27 17:00:00,Niebla,Caida,Leve,SALAMANCA,CALL. ALCALA 200A
2019-10-27 01:00:00,Despejado,Imprudencia,Leve,CHAMBERÍ,PLAZA. ALONSO MARTINEZ / CALL. SAGASTA
2019-10-27 01:00:00,Despejado,Imprudencia,Leve,CHAMBERÍ,PLAZA. ALONSO MARTINEZ / CALL. SAGASTA
2019-10-28 16:00:00,Despejado,Caida,Grave,RETIRO,AVDA. MENENDEZ PELAYO 65
2019-10-29 20:00:00,Despejado,Caida,Leve,CIUDAD LINEAL,CALL. ARTURO SORIA 334A
2019-10-29 11:00:00,Despejado,Colision,Leve,LATINA,CALL. SAN CONRADO / AVDA. MANZANARES
2019-10-30 10:00:00,Despejado,Colision,Leve,CENTRO,RONDA. SEGOVIA / CALL. SEGOVIA
2019-10-31 21:00:00,Despejado,Colision,Moderada,CENTRO,PASEO. PRADO 40
2019-10-31 16:00:00,Despejado,Caida,Moderada,ARGANZUELA,CALL. EMBAJADORES 172
